run_id,series,alpha,Q_W_mean
20260503_023812_agd_N200_M50_a41_S20_steps200000_20d70c,AGD,0,-0.0004850399564
20260503_023812_agd_N200_M50_a41_S20_steps200000_20d70c,AGD,0.1,0.006168762621
20260503_023812_agd_N200_M50_a41_S20_steps200000_20d70c,AGD,0.2,-0.0006789692765
20260503_023812_agd_N200_M50_a41_S20_steps200000_20d70c,AGD,0.3,0.003767330258
20260503_023812_agd_N200_M50_a41_S20_steps200000_20d70c,AGD,0.4,-0.002366540483
20260503_023812_agd_N200_M50_a41_S20_steps200000_20d70c,AGD,0.5,-0.002709978333
20260503_023812_agd_N200_M50_a41_S20_steps200000_20d70c,AGD,0.6,0.001670211958
20260503_023812_agd_N200_M50_a41_S20_steps200000_20d70c,AGD,0.7,-0.000605799511
20260503_023812_agd_N200_M50_a41_S20_steps200000_20d70c,AGD,0.8,-0.002815987467
20260503_023812_agd_N200_M50_a41_S20_steps200000_20d70c,AGD,0.9,0.002015470053
20260503_023812_agd_N200_M50_a41_S20_steps200000_20d70c,AGD,1,0.0008694665099
20260503_023812_agd_N200_M50_a41_S20_steps200000_20d70c,AGD,1.1,0.0001156552025
20260503_023812_agd_N200_M50_a41_S20_steps200000_20d70c,AGD,1.2,-0.005710208032
20260503_023812_agd_N200_M50_a41_S20_steps200000_20d70c,AGD,1.3,-0.003014934584
20260503_023812_agd_N200_M50_a41_S20_steps200000_20d70c,AGD,1.4,-0.002128825829
20260503_023812_agd_N200_M50_a41_S20_steps200000_20d70c,AGD,1.5,0.00845590148
20260503_023812_agd_N200_M50_a41_S20_steps200000_20d70c,AGD,1.6,-0.0006311153877
20260503_023812_agd_N200_M50_a41_S20_steps200000_20d70c,AGD,1.7,-0.005111466313
20260503_023812_agd_N200_M50_a41_S20_steps200000_20d70c,AGD,1.8,0.001618061442
20260503_023812_agd_N200_M50_a41_S20_steps200000_20d70c,AGD,1.9,0.001355485778
20260503_023812_agd_N200_M50_a41_S20_steps200000_20d70c,AGD,2,-0.00295951568
20260503_023812_agd_N200_M50_a41_S20_steps200000_20d70c,AGD,2.1,-0.004128539737
20260503_023812_agd_N200_M50_a41_S20_steps200000_20d70c,AGD,2.2,-0.007606986082
20260503_023812_agd_N200_M50_a41_S20_steps200000_20d70c,AGD,2.3,-0.001741856465
20260503_023812_agd_N200_M50_a41_S20_steps200000_20d70c,AGD,2.4,-0.003190376307
20260503_023812_agd_N200_M50_a41_S20_steps200000_20d70c,AGD,2.5,-0.008120680432
20260503_023812_agd_N200_M50_a41_S20_steps200000_20d70c,AGD,2.6,-0.002304956946
20260503_023812_agd_N200_M50_a41_S20_steps200000_20d70c,AGD,2.7,-0.001818295266
20260503_023812_agd_N200_M50_a41_S20_steps200000_20d70c,AGD,2.8,0.0003891584465
20260503_023812_agd_N200_M50_a41_S20_steps200000_20d70c,AGD,2.9,0.004358568101
20260503_023812_agd_N200_M50_a41_S20_steps200000_20d70c,AGD,3,-0.01082492363
20260503_023812_agd_N200_M50_a41_S20_steps200000_20d70c,AGD,3.1,0.0009320531404
20260503_023812_agd_N200_M50_a41_S20_steps200000_20d70c,AGD,3.2,-0.003412250111
20260503_023812_agd_N200_M50_a41_S20_steps200000_20d70c,AGD,3.3,-0.01343948277
20260503_023812_agd_N200_M50_a41_S20_steps200000_20d70c,AGD,3.4,0.007378777175
20260503_023812_agd_N200_M50_a41_S20_steps200000_20d70c,AGD,3.5,0.004509727145
20260503_023812_agd_N200_M50_a41_S20_steps200000_20d70c,AGD,3.6,0.005699918982
20260503_023812_agd_N200_M50_a41_S20_steps200000_20d70c,AGD,3.7,-0.008565962361
20260503_023812_agd_N200_M50_a41_S20_steps200000_20d70c,AGD,3.8,0.002127766147
20260503_023812_agd_N200_M50_a41_S20_steps200000_20d70c,AGD,3.9,0.002522982709
20260503_023812_agd_N200_M50_a41_S20_steps200000_20d70c,AGD,4,-0.0101839771
20260503_021534_bg_N200_M50_a41_S20_steps5000_63ff7e,BiGAMP (F = 1),0,0
20260503_021534_bg_N200_M50_a41_S20_steps5000_63ff7e,BiGAMP (F = 1),0.1,0
20260503_021534_bg_N200_M50_a41_S20_steps5000_63ff7e,BiGAMP (F = 1),0.2,3.07238548e-05
20260503_021534_bg_N200_M50_a41_S20_steps5000_63ff7e,BiGAMP (F = 1),0.3,-0.0003444964059
20260503_021534_bg_N200_M50_a41_S20_steps5000_63ff7e,BiGAMP (F = 1),0.4,-9.180832931e-05
20260503_021534_bg_N200_M50_a41_S20_steps5000_63ff7e,BiGAMP (F = 1),0.5,0.0008731697752
20260503_021534_bg_N200_M50_a41_S20_steps5000_63ff7e,BiGAMP (F = 1),0.6,0.0003471762386
20260503_021534_bg_N200_M50_a41_S20_steps5000_63ff7e,BiGAMP (F = 1),0.7,-0.001691716643
20260503_021534_bg_N200_M50_a41_S20_steps5000_63ff7e,BiGAMP (F = 1),0.8,0.0009167800352
20260503_021534_bg_N200_M50_a41_S20_steps5000_63ff7e,BiGAMP (F = 1),0.9,0.0009542393906
20260503_021534_bg_N200_M50_a41_S20_steps5000_63ff7e,BiGAMP (F = 1),1,0.002518318332
20260503_021534_bg_N200_M50_a41_S20_steps5000_63ff7e,BiGAMP (F = 1),1.1,-0.00172759671
20260503_021534_bg_N200_M50_a41_S20_steps5000_63ff7e,BiGAMP (F = 1),1.2,0.003753816817
20260503_021534_bg_N200_M50_a41_S20_steps5000_63ff7e,BiGAMP (F = 1),1.3,0.0009653018438
20260503_021534_bg_N200_M50_a41_S20_steps5000_63ff7e,BiGAMP (F = 1),1.4,-0.0007101515574
20260503_021534_bg_N200_M50_a41_S20_steps5000_63ff7e,BiGAMP (F = 1),1.5,0.002656127693
20260503_021534_bg_N200_M50_a41_S20_steps5000_63ff7e,BiGAMP (F = 1),1.6,-0.003811552827
20260503_021534_bg_N200_M50_a41_S20_steps5000_63ff7e,BiGAMP (F = 1),1.7,0.0003878478761
20260503_021534_bg_N200_M50_a41_S20_steps5000_63ff7e,BiGAMP (F = 1),1.8,-0.001240076149
20260503_021534_bg_N200_M50_a41_S20_steps5000_63ff7e,BiGAMP (F = 1),1.9,-0.0006123776548
20260503_021534_bg_N200_M50_a41_S20_steps5000_63ff7e,BiGAMP (F = 1),2,-0.000948360888
20260503_021534_bg_N200_M50_a41_S20_steps5000_63ff7e,BiGAMP (F = 1),2.1,0.001281974187
20260503_021534_bg_N200_M50_a41_S20_steps5000_63ff7e,BiGAMP (F = 1),2.2,0.005396934671
20260503_021534_bg_N200_M50_a41_S20_steps5000_63ff7e,BiGAMP (F = 1),2.3,0.002147542438
20260503_021534_bg_N200_M50_a41_S20_steps5000_63ff7e,BiGAMP (F = 1),2.4,-0.001893949229
20260503_021534_bg_N200_M50_a41_S20_steps5000_63ff7e,BiGAMP (F = 1),2.5,-0.003878295707
20260503_021534_bg_N200_M50_a41_S20_steps5000_63ff7e,BiGAMP (F = 1),2.6,-0.003675041313
20260503_021534_bg_N200_M50_a41_S20_steps5000_63ff7e,BiGAMP (F = 1),2.7,-0.002241725253
20260503_021534_bg_N200_M50_a41_S20_steps5000_63ff7e,BiGAMP (F = 1),2.8,0.004162795826
20260503_021534_bg_N200_M50_a41_S20_steps5000_63ff7e,BiGAMP (F = 1),2.9,-0.003088985221
20260503_021534_bg_N200_M50_a41_S20_steps5000_63ff7e,BiGAMP (F = 1),3,-0.001241493435
20260503_021534_bg_N200_M50_a41_S20_steps5000_63ff7e,BiGAMP (F = 1),3.1,0.006137048551
20260503_021534_bg_N200_M50_a41_S20_steps5000_63ff7e,BiGAMP (F = 1),3.2,0.00288213134
20260503_021534_bg_N200_M50_a41_S20_steps5000_63ff7e,BiGAMP (F = 1),3.3,0.002253231651
20260503_021534_bg_N200_M50_a41_S20_steps5000_63ff7e,BiGAMP (F = 1),3.4,0.001138187732
20260503_021534_bg_N200_M50_a41_S20_steps5000_63ff7e,BiGAMP (F = 1),3.5,-0.0002193354769
20260503_021534_bg_N200_M50_a41_S20_steps5000_63ff7e,BiGAMP (F = 1),3.6,0.009519698782
20260503_021534_bg_N200_M50_a41_S20_steps5000_63ff7e,BiGAMP (F = 1),3.7,0.005258571584
20260503_021534_bg_N200_M50_a41_S20_steps5000_63ff7e,BiGAMP (F = 1),3.8,-0.004213456606
20260503_021534_bg_N200_M50_a41_S20_steps5000_63ff7e,BiGAMP (F = 1),3.9,-0.007656242047
20260503_021534_bg_N200_M50_a41_S20_steps5000_63ff7e,BiGAMP (F = 1),4,0.001104699972
_latest,"BiGAMP (F = Ising, no Onsager)",0,0.0002881027758
_latest,"BiGAMP (F = Ising, no Onsager)",0.1,0.001168324845
_latest,"BiGAMP (F = Ising, no Onsager)",0.2,0.0001069112695
_latest,"BiGAMP (F = Ising, no Onsager)",0.3,-0.001397004351
_latest,"BiGAMP (F = Ising, no Onsager)",0.4,0.00216463278
_latest,"BiGAMP (F = Ising, no Onsager)",0.5,-0.0004219041148
_latest,"BiGAMP (F = Ising, no Onsager)",0.6,-0.001270307926
_latest,"BiGAMP (F = Ising, no Onsager)",0.7,-0.001546607702
_latest,"BiGAMP (F = Ising, no Onsager)",0.8,-0.003787490306
_latest,"BiGAMP (F = Ising, no Onsager)",0.9,-0.001103940071
_latest,"BiGAMP (F = Ising, no Onsager)",1,2.060788756e-05
_latest,"BiGAMP (F = Ising, no Onsager)",1.1,-0.00266267336
_latest,"BiGAMP (F = Ising, no Onsager)",1.2,-0.0003283298574
_latest,"BiGAMP (F = Ising, no Onsager)",1.3,-0.005149885546
_latest,"BiGAMP (F = Ising, no Onsager)",1.4,0.003902225988
_latest,"BiGAMP (F = Ising, no Onsager)",1.5,-0.009328638203
_latest,"BiGAMP (F = Ising, no Onsager)",1.6,0.0022822225
_latest,"BiGAMP (F = Ising, no Onsager)",1.7,-0.005414512474
_latest,"BiGAMP (F = Ising, no Onsager)",1.8,-0.00146097166
_latest,"BiGAMP (F = Ising, no Onsager)",1.9,-0.004328692798
_latest,"BiGAMP (F = Ising, no Onsager)",2,0.001534187119
_latest,"BiGAMP (F = Ising, no Onsager)",2.1,0.003810815979
_latest,"BiGAMP (F = Ising, no Onsager)",2.2,0.00200023246
_latest,"BiGAMP (F = Ising, no Onsager)",2.3,-0.004470896441
_latest,"BiGAMP (F = Ising, no Onsager)",2.4,-0.005069790408
_latest,"BiGAMP (F = Ising, no Onsager)",2.5,-0.005379325245
_latest,"BiGAMP (F = Ising, no Onsager)",2.6,-0.002482993295
_latest,"BiGAMP (F = Ising, no Onsager)",2.7,0.00944028236
_latest,"BiGAMP (F = Ising, no Onsager)",2.8,0.00578864431
_latest,"BiGAMP (F = Ising, no Onsager)",2.9,-0.01060905308
_latest,"BiGAMP (F = Ising, no Onsager)",3,-0.01217161771
_latest,"BiGAMP (F = Ising, no Onsager)",3.1,0.01505076326
_latest,"BiGAMP (F = Ising, no Onsager)",3.2,-0.002415426075
_latest,"BiGAMP (F = Ising, no Onsager)",3.3,0.01665438339
_latest,"BiGAMP (F = Ising, no Onsager)",3.4,0.006187972613
_latest,"BiGAMP (F = Ising, no Onsager)",3.5,0.02481221035
_latest,"BiGAMP (F = Ising, no Onsager)",3.6,0.04076302424
_latest,"BiGAMP (F = Ising, no Onsager)",3.7,0.01520313323
_latest,"BiGAMP (F = Ising, no Onsager)",3.8,0.07958873361
_latest,"BiGAMP (F = Ising, no Onsager)",3.9,0.01163859386
_latest,"BiGAMP (F = Ising, no Onsager)",4,-0.0001250645146
_latest,"BiGAMP (F = Ising, Onsager)",0,0
_latest,"BiGAMP (F = Ising, Onsager)",0.1,-2.799428316e-20
_latest,"BiGAMP (F = Ising, Onsager)",0.2,-4.838013047e-05
_latest,"BiGAMP (F = Ising, Onsager)",0.3,0.0002837415086
_latest,"BiGAMP (F = Ising, Onsager)",0.4,0.0009506243514
_latest,"BiGAMP (F = Ising, Onsager)",0.5,-0.0005840244121
_latest,"BiGAMP (F = Ising, Onsager)",0.6,0.0008769351989
_latest,"BiGAMP (F = Ising, Onsager)",0.7,-0.005286589731
_latest,"BiGAMP (F = Ising, Onsager)",0.8,-0.00559252454
_latest,"BiGAMP (F = Ising, Onsager)",0.9,0.0005702145863
_latest,"BiGAMP (F = Ising, Onsager)",1,0.006434047129
_latest,"BiGAMP (F = Ising, Onsager)",1.1,-0.003285086481
_latest,"BiGAMP (F = Ising, Onsager)",1.2,-0.001808757777
_latest,"BiGAMP (F = Ising, Onsager)",1.3,0.00609355513
_latest,"BiGAMP (F = Ising, Onsager)",1.4,-0.01390375104
_latest,"BiGAMP (F = Ising, Onsager)",1.5,0.003950378392
_latest,"BiGAMP (F = Ising, Onsager)",1.6,0.002352579031
_latest,"BiGAMP (F = Ising, Onsager)",1.7,-0.006890593562
_latest,"BiGAMP (F = Ising, Onsager)",1.8,-0.007288561203
_latest,"BiGAMP (F = Ising, Onsager)",1.9,0.002053893404
_latest,"BiGAMP (F = Ising, Onsager)",2,0.03396460414
_latest,"BiGAMP (F = Ising, Onsager)",2.1,0.03729569167
_latest,"BiGAMP (F = Ising, Onsager)",2.2,-0.0269660987
_latest,"BiGAMP (F = Ising, Onsager)",2.3,-0.009161545895
_latest,"BiGAMP (F = Ising, Onsager)",2.4,0.03710315749
_latest,"BiGAMP (F = Ising, Onsager)",2.5,0.00879047811
_latest,"BiGAMP (F = Ising, Onsager)",2.6,0.02313593216
_latest,"BiGAMP (F = Ising, Onsager)",2.7,0.03566786274
_latest,"BiGAMP (F = Ising, Onsager)",2.8,0.01480425894
_latest,"BiGAMP (F = Ising, Onsager)",2.9,-0.04095955566
_latest,"BiGAMP (F = Ising, Onsager)",3,0.02663853206
_latest,"BiGAMP (F = Ising, Onsager)",3.1,-0.01121544559
_latest,"BiGAMP (F = Ising, Onsager)",3.2,-0.02064323612
_latest,"BiGAMP (F = Ising, Onsager)",3.3,0.01474914607
_latest,"BiGAMP (F = Ising, Onsager)",3.4,-0.0148165049
_latest,"BiGAMP (F = Ising, Onsager)",3.5,-0.03606835008
_latest,"BiGAMP (F = Ising, Onsager)",3.6,0.05579606444
_latest,"BiGAMP (F = Ising, Onsager)",3.7,0.02474426106
_latest,"BiGAMP (F = Ising, Onsager)",3.8,0.04167403653
_latest,"BiGAMP (F = Ising, Onsager)",3.9,0.01771729812
_latest,"BiGAMP (F = Ising, Onsager)",4,0.01229375508
