run_id,series,alpha,Q_Y_COS_mean,Q_Y_COS_std,Q_Y_COS_sem,Q_Y_mean,FIT_Y_mean,Q_W_mean,Q_X_mean
20260503_023812_agd_N200_M50_a41_S20_steps200000_20d70c,AGD,0,0.0007804283574,0.006276639004,0.001403499148,0.00530149752,-0.9919156969,-0.0004850399564,0.002857188409
20260503_023812_agd_N200_M50_a41_S20_steps200000_20d70c,AGD,0.1,0.02419840014,0.006572913011,0.00146974803,0.02419142216,-0.9504854739,0.006168762621,0.0007192157344
20260503_023812_agd_N200_M50_a41_S20_steps200000_20d70c,AGD,0.2,0.05004335679,0.005401764898,0.001207871351,0.05041288882,-0.9139988899,-0.0006789692765,-0.0001268541295
20260503_023812_agd_N200_M50_a41_S20_steps200000_20d70c,AGD,0.3,0.07545061707,0.004278203824,0.0009566354572,0.0774387192,-0.8987655282,0.003767330258,0.002240477787
20260503_023812_agd_N200_M50_a41_S20_steps200000_20d70c,AGD,0.4,0.09992685057,0.006306238976,0.001410117903,0.1040368311,-0.8765435576,-0.002366540483,-0.000227820687
20260503_023812_agd_N200_M50_a41_S20_steps200000_20d70c,AGD,0.5,0.1219497472,0.004344571393,0.0009714756969,0.127384264,-0.8362439454,-0.002709978333,-0.001024822559
20260503_023812_agd_N200_M50_a41_S20_steps200000_20d70c,AGD,0.6,0.1504724249,0.006619008557,0.001480055308,0.1610983647,-0.8240689993,0.001670211958,-8.747479878e-05
20260503_023812_agd_N200_M50_a41_S20_steps200000_20d70c,AGD,0.7,0.176418189,0.007478126323,0.00167215988,0.1934808917,-0.8162853599,-0.000605799511,0.001793438291
20260503_023812_agd_N200_M50_a41_S20_steps200000_20d70c,AGD,0.8,0.2007073,0.006020156329,0.001346147879,0.2225932129,-0.784901619,-0.002815987467,-0.004954183246
20260503_023812_agd_N200_M50_a41_S20_steps200000_20d70c,AGD,0.9,0.2310812898,0.00796355661,0.001780705392,0.2623000868,-0.7642296493,0.002015470053,0.001457696609
20260503_023812_agd_N200_M50_a41_S20_steps200000_20d70c,AGD,1,0.2583960809,0.008062059174,0.001802731235,0.2996589303,-0.7459785104,0.0008694665099,-0.002159783046
20260503_023812_agd_N200_M50_a41_S20_steps200000_20d70c,AGD,1.1,0.283203122,0.009037239553,0.002020788197,0.3341768742,-0.7243964612,0.0001156552025,0.002383370569
20260503_023812_agd_N200_M50_a41_S20_steps200000_20d70c,AGD,1.2,0.3086145058,0.008178800198,0.001828835322,0.3727323294,-0.713536042,-0.005710208032,-0.000225048291
20260503_023812_agd_N200_M50_a41_S20_steps200000_20d70c,AGD,1.3,0.336835511,0.008867956689,0.001982935398,0.41386033,-0.6820567906,-0.003014934584,-0.003450857869
20260503_023812_agd_N200_M50_a41_S20_steps200000_20d70c,AGD,1.4,0.3760126665,0.008776274305,0.001962434593,0.4761956587,-0.6520364225,-0.002128825829,0.001547827227
20260503_023812_agd_N200_M50_a41_S20_steps200000_20d70c,AGD,1.5,0.4092669383,0.01133807845,0.002535271414,0.5278104454,-0.6081179321,0.00845590148,0.001819397898
20260503_023812_agd_N200_M50_a41_S20_steps200000_20d70c,AGD,1.6,0.4305404887,0.01155943516,0.002584768281,0.5838651627,-0.6722936034,-0.0006311153877,-0.0006027001305
20260503_023812_agd_N200_M50_a41_S20_steps200000_20d70c,AGD,1.7,0.4434700817,0.01156526076,0.002586070924,0.6435125858,-0.820118767,-0.005111466313,-0.008206761989
20260503_023812_agd_N200_M50_a41_S20_steps200000_20d70c,AGD,1.8,0.4555772752,0.01093345224,0.002444794243,0.7236061007,-1.077436846,0.001618061442,-0.004948530468
20260503_023812_agd_N200_M50_a41_S20_steps200000_20d70c,AGD,1.9,0.5016375288,0.0131813799,0.002947446149,0.7996890426,-0.944382149,0.001355485778,0.001727152319
20260503_023812_agd_N200_M50_a41_S20_steps200000_20d70c,AGD,2,0.662497732,0.03868715515,0.008650710878,0.8979793161,-0.05302210748,-0.00295951568,-0.001377181755
20260503_023812_agd_N200_M50_a41_S20_steps200000_20d70c,AGD,2.1,0.9999999911,6.493466087e-08,1.451983158e-08,0.9999979407,0.9999999865,-0.004128539737,0.0001533777511
20260503_023812_agd_N200_M50_a41_S20_steps200000_20d70c,AGD,2.2,1.000000033,6.830281118e-08,1.527297289e-08,0.9999987841,0.9999999948,-0.007606986082,-0.005837366456
20260503_023812_agd_N200_M50_a41_S20_steps200000_20d70c,AGD,2.3,1.000000009,6.493466087e-08,1.451983158e-08,0.9999990195,0.9999999977,-0.001741856465,-0.002175308188
20260503_023812_agd_N200_M50_a41_S20_steps200000_20d70c,AGD,2.4,1.000000015,6.664001875e-08,1.490116119e-08,0.9999990284,0.9999999989,-0.003190376307,-0.008533689915
20260503_023812_agd_N200_M50_a41_S20_steps200000_20d70c,AGD,2.5,1.000000036,7.338369027e-08,1.640909199e-08,0.9999995381,0.9999999994,-0.008120680432,-0.006721295396
20260503_023812_agd_N200_M50_a41_S20_steps200000_20d70c,AGD,2.6,1.000000012,7.131612797e-08,1.5946771e-08,0.999999541,0.9999999996,-0.002304956946,0.001650315707
20260503_023812_agd_N200_M50_a41_S20_steps200000_20d70c,AGD,2.7,1.000000009,6.198822728e-08,1.3860989e-08,0.9999996871,0.9999999998,-0.001818295266,-0.001748381997
20260503_023812_agd_N200_M50_a41_S20_steps200000_20d70c,AGD,2.8,1.000000027,5.629737624e-08,1.258847602e-08,0.9999997795,0.9999999998,0.0003891584465,-0.0007491375902
20260503_023812_agd_N200_M50_a41_S20_steps200000_20d70c,AGD,2.9,1.000000018,6.442876265e-08,1.44067093e-08,0.9999997705,0.9999999999,0.004358568101,0.002681711368
20260503_023812_agd_N200_M50_a41_S20_steps200000_20d70c,AGD,3,1.000000042,6.726838275e-08,1.504166766e-08,0.9999998271,0.9999999999,-0.01082492363,-0.008639780129
20260503_023812_agd_N200_M50_a41_S20_steps200000_20d70c,AGD,3.1,1.000000075,7.203354649e-08,1.610719066e-08,0.9999998897,0.9999999999,0.0009320531404,0.002391491152
20260503_023812_agd_N200_M50_a41_S20_steps200000_20d70c,AGD,3.2,1.000000083,6.529361695e-08,1.46000966e-08,0.9999998897,1,-0.003412250111,-0.001936649004
20260503_023812_agd_N200_M50_a41_S20_steps200000_20d70c,AGD,3.3,1.00000008,7.045885256e-08,1.575507839e-08,0.9999999106,1,-0.01343948277,-0.01572572481
20260503_023812_agd_N200_M50_a41_S20_steps200000_20d70c,AGD,3.4,1.000000036,7.338369027e-08,1.640909199e-08,0.9999999166,1,0.007378777175,0.003310078604
20260503_023812_agd_N200_M50_a41_S20_steps200000_20d70c,AGD,3.5,1.000000042,7.514615692e-08,1.680319151e-08,0.9999999523,1,0.004509727145,0.004034479451
20260503_023812_agd_N200_M50_a41_S20_steps200000_20d70c,AGD,3.6,1.000000066,6.945654185e-08,1.553095491e-08,0.9999999791,1,0.005699918982,0.002035822025
20260503_023812_agd_N200_M50_a41_S20_steps200000_20d70c,AGD,3.7,1.000000024,6.809718258e-08,1.522699293e-08,0.9999999613,1,-0.008565962361,-0.007967004942
20260503_023812_agd_N200_M50_a41_S20_steps200000_20d70c,AGD,3.8,1.00000006,6.972523354e-08,1.559103619e-08,0.9999999791,1,0.002127766147,-0.003249923419
20260503_023812_agd_N200_M50_a41_S20_steps200000_20d70c,AGD,3.9,1.000000054,6.084654159e-08,1.360570032e-08,0.999999994,1,0.002522982709,0.003839495977
20260503_023812_agd_N200_M50_a41_S20_steps200000_20d70c,AGD,4,1.000000092,5.629737624e-08,1.258847602e-08,0.999999997,1,-0.0101839771,-0.01091301201
20260503_021534_bg_N200_M50_a41_S20_steps5000_63ff7e,BiGAMP (F = 1),0,0,0,0,0,0,0,0
20260503_021534_bg_N200_M50_a41_S20_steps5000_63ff7e,BiGAMP (F = 1),0.1,0,0,0,0,0,0,0
20260503_021534_bg_N200_M50_a41_S20_steps5000_63ff7e,BiGAMP (F = 1),0.2,0.05618035328,0.0001359315748,3.039522415e-05,0.0002317899372,0.0004465579987,3.07238548e-05,2.755613204e-05
20260503_021534_bg_N200_M50_a41_S20_steps5000_63ff7e,BiGAMP (F = 1),0.3,0.131226705,2.685262011e-05,6.004428394e-06,0.005953713413,0.009849008918,-0.0003444964059,-0.0004987589418
20260503_021534_bg_N200_M50_a41_S20_steps5000_63ff7e,BiGAMP (F = 1),0.4,0.2042653292,7.051022262e-05,1.576656509e-05,0.01677076863,0.02680065036,-9.180832931e-05,0.0003264055835
20260503_021534_bg_N200_M50_a41_S20_steps5000_63ff7e,BiGAMP (F = 1),0.5,0.2583630115,5.753043676e-05,1.286419674e-05,0.02868208718,0.04503988922,0.0008731697752,0.0008971281684
20260503_021534_bg_N200_M50_a41_S20_steps5000_63ff7e,BiGAMP (F = 1),0.6,0.3163343981,0.0001354543434,3.028851197e-05,0.04600585606,0.07086055875,0.0003471762386,0.0003200417705
20260503_021534_bg_N200_M50_a41_S20_steps5000_63ff7e,BiGAMP (F = 1),0.7,0.4066757396,0.0001473789669,3.295493885e-05,0.07049236074,0.1109386325,-0.001691716643,-0.002155986736
20260503_021534_bg_N200_M50_a41_S20_steps5000_63ff7e,BiGAMP (F = 1),0.8,0.4486713305,0.0001467058707,3.280442995e-05,0.08875601105,0.1383793831,0.0009167800352,0.0003391591585
20260503_021534_bg_N200_M50_a41_S20_steps5000_63ff7e,BiGAMP (F = 1),0.9,0.5125670165,0.0001471377283,3.290099625e-05,0.1174614985,0.1824071944,0.0009542393906,0.001016041817
20260503_021534_bg_N200_M50_a41_S20_steps5000_63ff7e,BiGAMP (F = 1),1,0.5476511091,0.0002194089296,4.906132814e-05,0.1420930609,0.2168670624,0.002518318332,0.001686604381
20260503_021534_bg_N200_M50_a41_S20_steps5000_63ff7e,BiGAMP (F = 1),1.1,0.5946688712,0.0001626239119,3.636381217e-05,0.1651093252,0.2531295478,-0.00172759671,-0.001045843078
20260503_021534_bg_N200_M50_a41_S20_steps5000_63ff7e,BiGAMP (F = 1),1.2,0.6424531311,0.0002860260264,6.395736384e-05,0.1905439809,0.2931234032,0.003753816817,0.004652766182
20260503_021534_bg_N200_M50_a41_S20_steps5000_63ff7e,BiGAMP (F = 1),1.3,0.6604135931,0.0002856788615,6.38797354e-05,0.2101361223,0.3190281779,0.0009653018438,0.0008502234166
20260503_021534_bg_N200_M50_a41_S20_steps5000_63ff7e,BiGAMP (F = 1),1.4,0.7090998203,0.0001701134526,3.803852438e-05,0.2492986627,0.3749954045,-0.0007101515574,-0.00242542559
20260503_021534_bg_N200_M50_a41_S20_steps5000_63ff7e,BiGAMP (F = 1),1.5,0.7350088716,0.0002664826206,5.958732545e-05,0.2754395053,0.4104465902,0.002656127693,0.002069357713
20260503_021534_bg_N200_M50_a41_S20_steps5000_63ff7e,BiGAMP (F = 1),1.6,0.7699394375,0.0003024021164,6.761916889e-05,0.3093916759,0.4573087394,-0.003811552827,-0.004371443318
20260503_021534_bg_N200_M50_a41_S20_steps5000_63ff7e,BiGAMP (F = 1),1.7,0.7984560549,0.0004054742043,9.066678839e-05,0.3408106446,0.4994313732,0.0003878478761,0.0008835419576
20260503_021534_bg_N200_M50_a41_S20_steps5000_63ff7e,BiGAMP (F = 1),1.8,0.8249606282,0.0004271889958,9.552236338e-05,0.3763580501,0.5445853963,-0.001240076149,-0.001313284234
20260503_021534_bg_N200_M50_a41_S20_steps5000_63ff7e,BiGAMP (F = 1),1.9,0.8465402931,0.001763039883,0.0003942277025,0.4499402985,0.6173827395,-0.0006123776548,-0.001328087592
20260503_021534_bg_N200_M50_a41_S20_steps5000_63ff7e,BiGAMP (F = 1),2,0.8786584526,0.0004205657974,9.40413712e-05,0.5369232506,0.7004375219,-0.000948360888,-0.0003965098304
20260503_021534_bg_N200_M50_a41_S20_steps5000_63ff7e,BiGAMP (F = 1),2.1,0.9999999732,5.287177612e-08,1.182248855e-08,0.9999267459,0.9999999611,0.001281974187,0.001614111033
20260503_021534_bg_N200_M50_a41_S20_steps5000_63ff7e,BiGAMP (F = 1),2.2,1.000000018,7.514615692e-08,1.680319151e-08,0.9999693573,0.9999999953,0.005396934671,0.001791828388
20260503_021534_bg_N200_M50_a41_S20_steps5000_63ff7e,BiGAMP (F = 1),2.3,1.000000006,5.435404218e-08,1.215393332e-08,0.9999827713,0.9999999988,0.002147542438,0.001735443398
20260503_021534_bg_N200_M50_a41_S20_steps5000_63ff7e,BiGAMP (F = 1),2.4,1.000000083,5.604771924e-08,1.253265102e-08,0.9999887764,0.9999999996,-0.001893949229,-0.002569069082
20260503_021534_bg_N200_M50_a41_S20_steps5000_63ff7e,BiGAMP (F = 1),2.5,1.000000083,5.604771924e-08,1.253265102e-08,0.9999920368,0.9999999998,-0.003878295707,-0.003642457724
20260503_021534_bg_N200_M50_a41_S20_steps5000_63ff7e,BiGAMP (F = 1),2.6,0.9999999911,2.183601549e-08,4.8826815e-09,0.9999939203,0.9999999999,-0.003675041313,-0.002817734069
20260503_021534_bg_N200_M50_a41_S20_steps5000_63ff7e,BiGAMP (F = 1),2.7,1.000000051,6.493466087e-08,1.451983158e-08,0.9999951094,0.9999999999,-0.002241725253,-0.003543524997
20260503_021534_bg_N200_M50_a41_S20_steps5000_63ff7e,BiGAMP (F = 1),2.8,1.000000119,0,0,0.9999960065,1,0.004162795826,0.003569159316
20260503_021534_bg_N200_M50_a41_S20_steps5000_63ff7e,BiGAMP (F = 1),2.9,0.9999999344,4.697256837e-08,1.05033856e-08,0.9999967158,1,-0.003088985221,-0.002638585749
20260503_021534_bg_N200_M50_a41_S20_steps5000_63ff7e,BiGAMP (F = 1),3,1.000000083,5.604771924e-08,1.253265102e-08,0.9999972582,1,-0.001241493435,0.001948136347
20260503_021534_bg_N200_M50_a41_S20_steps5000_63ff7e,BiGAMP (F = 1),3.1,1.00000006,6.115307522e-08,1.367424332e-08,0.999997586,1,0.006137048551,0.005422495032
20260503_021534_bg_N200_M50_a41_S20_steps5000_63ff7e,BiGAMP (F = 1),3.2,1,0,0,0.9999979138,1,0.00288213134,0.003358232108
20260503_021534_bg_N200_M50_a41_S20_steps5000_63ff7e,BiGAMP (F = 1),3.3,1,0,0,0.9999981523,1,0.002253231651,0.003375930386
20260503_021534_bg_N200_M50_a41_S20_steps5000_63ff7e,BiGAMP (F = 1),3.4,0.9999999404,0,0,0.9999982715,1,0.001138187732,0.0003634141351
20260503_021534_bg_N200_M50_a41_S20_steps5000_63ff7e,BiGAMP (F = 1),3.5,1.000000113,2.66560075e-08,5.960464478e-09,0.9999985069,1,-0.0002193354769,0.0007657637587
20260503_021534_bg_N200_M50_a41_S20_steps5000_63ff7e,BiGAMP (F = 1),3.6,1.000000113,2.66560075e-08,5.960464478e-09,0.9999986261,1,0.009519698782,0.006039925548
20260503_021534_bg_N200_M50_a41_S20_steps5000_63ff7e,BiGAMP (F = 1),3.7,1.000000119,0,0,0.9999987483,1,0.005258571584,0.005150502648
20260503_021534_bg_N200_M50_a41_S20_steps5000_63ff7e,BiGAMP (F = 1),3.8,1.000000021,7.801512345e-08,1.744471193e-08,0.9999988079,1,-0.004213456606,-0.001543657956
20260503_021534_bg_N200_M50_a41_S20_steps5000_63ff7e,BiGAMP (F = 1),3.9,1,0,0,0.9999988675,1,-0.007656242047,-0.009324302454
20260503_021534_bg_N200_M50_a41_S20_steps5000_63ff7e,BiGAMP (F = 1),4,1,0,0,0.9999989867,1,0.001104699972,0.00277443626
_latest,"BiGAMP (F = Ising, no Onsager)",0,0.00113248243,0.005406425335,0.001208913456,4.392399569e-05,-7.796287537e-05,0.0002881027758,0.0002611785894
_latest,"BiGAMP (F = Ising, no Onsager)",0.1,0.04379093274,0.004139097873,0.000925530421,0.02498992346,-0.2761482596,0.001168324845,-4.632468335e-05
_latest,"BiGAMP (F = Ising, no Onsager)",0.2,0.05178729817,0.004626916721,0.001034610032,0.04925340042,-0.8076363802,0.0001069112695,-0.00172827288
_latest,"BiGAMP (F = Ising, no Onsager)",0.3,0.06151431426,0.005073434208,0.001134454377,0.07464894652,-1.32420218,-0.001397004351,0.0009061338496
_latest,"BiGAMP (F = Ising, no Onsager)",0.4,0.07352926582,0.004010507837,0.0008967768148,0.1019447595,-1.719260454,0.00216463278,0.0007222183631
_latest,"BiGAMP (F = Ising, no Onsager)",0.5,0.08240988106,0.005782171153,0.001292932775,0.1221520528,-1.959192872,-0.0004219041148,0.003073610598
_latest,"BiGAMP (F = Ising, no Onsager)",0.6,0.09619996697,0.005405532196,0.001208713745,0.1489205211,-2.098663092,-0.001270307926,-0.006749893073
_latest,"BiGAMP (F = Ising, no Onsager)",0.7,0.1125119478,0.004675528035,0.001045479852,0.1772223562,-2.127091885,-0.001546607702,-0.003978651017
_latest,"BiGAMP (F = Ising, no Onsager)",0.8,0.126623854,0.005103958771,0.001141279877,0.1996137202,-2.084854841,-0.003787490306,-0.001187080401
_latest,"BiGAMP (F = Ising, no Onsager)",0.9,0.144789055,0.006293467246,0.001407262058,0.2251707166,-1.969763756,-0.001103940071,0.003761278931
_latest,"BiGAMP (F = Ising, no Onsager)",1,0.162836656,0.004750879016,0.001062328843,0.2511338294,-1.876944423,2.060788756e-05,0.00253510708
_latest,"BiGAMP (F = Ising, no Onsager)",1.1,0.1836652756,0.00674398616,0.001508001149,0.2776657641,-1.730940819,-0.00266267336,-0.004573700018
_latest,"BiGAMP (F = Ising, no Onsager)",1.2,0.2028702796,0.006273395382,0.001402773852,0.3016264439,-1.607692599,-0.0003283298574,0.001421894762
_latest,"BiGAMP (F = Ising, no Onsager)",1.3,0.2235717773,0.004211963154,0.0009418235932,0.32898283,-1.507934451,-0.005149885546,-0.001973663922
_latest,"BiGAMP (F = Ising, no Onsager)",1.4,0.2413960546,0.007432812359,0.00166202737,0.352894038,-1.431927323,0.003902225988,0.001205501379
_latest,"BiGAMP (F = Ising, no Onsager)",1.5,0.2584878504,0.004252102226,0.0009507989625,0.3788288534,-1.390766621,-0.009328638203,-0.005422987044
_latest,"BiGAMP (F = Ising, no Onsager)",1.6,0.2725432813,0.00422578305,0.0009449138158,0.402733326,-1.37823379,0.0022822225,-0.001907109166
_latest,"BiGAMP (F = Ising, no Onsager)",1.7,0.2866375148,0.004154663067,0.0009290109042,0.4321146607,-1.408751726,-0.005414512474,0.0009880223079
_latest,"BiGAMP (F = Ising, no Onsager)",1.8,0.2921458185,0.006027640775,0.001347821452,0.4571170509,-1.534399629,-0.00146097166,-0.004024305847
_latest,"BiGAMP (F = Ising, no Onsager)",1.9,0.292491436,0.006377993152,0.001426162625,0.4822389781,-1.755127192,-0.004328692798,0.005782549269
_latest,"BiGAMP (F = Ising, no Onsager)",2,0.2916836441,0.006214676891,0.001389643999,0.5092789531,-2.030770302,0.001534187119,0.004536811262
_latest,"BiGAMP (F = Ising, no Onsager)",2.1,0.2910546958,0.004590949044,0.001026567414,0.5321212411,-2.279189825,0.003810815979,0.005099562462
_latest,"BiGAMP (F = Ising, no Onsager)",2.2,0.3043599427,0.007168659475,0.001602960989,0.5605349541,-2.271952868,0.00200023246,-0.006403026637
_latest,"BiGAMP (F = Ising, no Onsager)",2.3,0.3249250054,0.007243728731,0.001619746985,0.5832053423,-2.057250977,-0.004470896441,-0.005862288177
_latest,"BiGAMP (F = Ising, no Onsager)",2.4,0.3523162305,0.007097593509,0.001587070156,0.6064614654,-1.751713753,-0.005069790408,-0.007435505278
_latest,"BiGAMP (F = Ising, no Onsager)",2.5,0.3795910478,0.008439944126,0.001887228879,0.626181066,-1.469825864,-0.005379325245,-0.003783233929
_latest,"BiGAMP (F = Ising, no Onsager)",2.6,0.408898741,0.008530985564,0.001907586364,0.643568933,-1.19129014,-0.002482993295,0.0002112096263
_latest,"BiGAMP (F = Ising, no Onsager)",2.7,0.4473426044,0.009391034953,0.002099899253,0.6666621566,-0.8882550597,0.00944028236,0.005874629132
_latest,"BiGAMP (F = Ising, no Onsager)",2.8,0.4818728566,0.007011582144,0.00156783743,0.6827630401,-0.6425320506,0.00578864431,0.00277774944
_latest,"BiGAMP (F = Ising, no Onsager)",2.9,0.5223473907,0.01018497441,0.002277429513,0.7019947767,-0.4029140174,-0.01060905308,-0.005179346539
_latest,"BiGAMP (F = Ising, no Onsager)",3,0.558565259,0.006259864662,0.001399748291,0.71496135,-0.2087341994,-0.01217161771,-0.009260206483
_latest,"BiGAMP (F = Ising, no Onsager)",3.1,0.6016219258,0.0067862859,0.001517459659,0.7342834473,-0.02126942016,0.01505076326,0.01281553507
_latest,"BiGAMP (F = Ising, no Onsager)",3.2,0.6488403678,0.01343036816,0.003003121616,0.756058991,0.1537701637,-0.002415426075,-0.001790978014
_latest,"BiGAMP (F = Ising, no Onsager)",3.3,0.7156099677,0.07043648511,0.01575007688,0.7911506295,0.3534863889,0.01665438339,0.01946151815
_latest,"BiGAMP (F = Ising, no Onsager)",3.4,0.8506833911,0.1150945574,0.02573592542,0.8781290054,0.6819993258,0.006187972613,0.005527459085
_latest,"BiGAMP (F = Ising, no Onsager)",3.5,0.9687450528,0.06723561138,0.01503433976,0.9695213437,0.9368805885,0.02481221035,0.03051032126
_latest,"BiGAMP (F = Ising, no Onsager)",3.6,1,2.734848614e-08,6.11530741e-09,1,1,0.04076302424,0.04012058675
_latest,"BiGAMP (F = Ising, no Onsager)",3.7,1,3.86765997e-08,8.648350607e-09,1,1,0.01520313323,0.009219576605
_latest,"BiGAMP (F = Ising, no Onsager)",3.8,1,3.86765997e-08,8.648350607e-09,1,1,0.07958873361,0.08093203604
_latest,"BiGAMP (F = Ising, no Onsager)",3.9,1,3.86765997e-08,8.648350607e-09,1,1,0.01163859386,0.01660408452
_latest,"BiGAMP (F = Ising, no Onsager)",4,1,5.296011807e-08,1.184224241e-08,1,1,-0.0001250645146,-0.007856316864
_latest,"BiGAMP (F = Ising, Onsager)",0,0,0,0,0,0,0,0
_latest,"BiGAMP (F = Ising, Onsager)",0.1,0,0,0,1.53863027e-35,0,-2.799428316e-20,-3.184943919e-20
_latest,"BiGAMP (F = Ising, Onsager)",0.2,0.0664858222,0.01701022126,0.003803601104,0.0003050687374,0.0005859732628,-4.838013047e-05,6.617477629e-05
_latest,"BiGAMP (F = Ising, Onsager)",0.3,0.1739643067,0.006740211509,0.001507157112,0.007293439936,0.01281838119,0.0002837415086,0.000150120235
_latest,"BiGAMP (F = Ising, Onsager)",0.4,0.2225702256,0.004798749462,0.001073033,0.02024048381,0.03220428154,0.0009506243514,0.001285560778
_latest,"BiGAMP (F = Ising, Onsager)",0.5,0.2593548894,0.004095913842,0.0009158741781,0.0367622152,0.05342758447,-0.0005840244121,-7.14331909e-05
_latest,"BiGAMP (F = Ising, Onsager)",0.6,0.2923561037,0.00670031365,0.001498235679,0.05578477308,0.07516564429,0.0008769351989,0.0003721532703
_latest,"BiGAMP (F = Ising, Onsager)",0.7,0.3226710856,0.006588885561,0.001473319601,0.07687027007,0.0969870314,-0.005286589731,-0.004662699532
_latest,"BiGAMP (F = Ising, Onsager)",0.8,0.3535958529,0.005971414968,0.001335248979,0.1006652862,0.1202784106,-0.00559252454,-0.006033067126
_latest,"BiGAMP (F = Ising, Onsager)",0.9,0.3876611888,0.006538326386,0.001462014226,0.1280718446,0.1469845027,0.0005702145863,-5.44445611e-05
_latest,"BiGAMP (F = Ising, Onsager)",1,0.4251014292,0.008425217122,0.001883935821,0.1596937329,0.1782554835,0.006434047129,0.005105260294
_latest,"BiGAMP (F = Ising, Onsager)",1.1,0.4573781192,0.01179425232,0.002637274993,0.1920871735,0.2078272849,-0.003285086481,-0.003825092688
_latest,"BiGAMP (F = Ising, Onsager)",1.2,0.5025615692,0.01210708544,0.002707226605,0.2339048386,0.2512097359,-0.001808757777,-0.00223367312
_latest,"BiGAMP (F = Ising, Onsager)",1.3,0.5512295365,0.01409669593,0.003152117036,0.2817786932,0.3022511899,0.00609355513,0.004313509911
_latest,"BiGAMP (F = Ising, Onsager)",1.4,0.6143764853,0.0156133119,0.003491242677,0.3437295854,0.3744304776,-0.01390375104,-0.01508527715
_latest,"BiGAMP (F = Ising, Onsager)",1.5,0.6880961657,0.01899356395,0.004247090013,0.4241577685,0.4683569968,0.003950378392,0.003595119342
_latest,"BiGAMP (F = Ising, Onsager)",1.6,0.7682068348,0.01383214444,0.003092961524,0.5372391939,0.5853651762,0.002352579031,0.0007077124319
_latest,"BiGAMP (F = Ising, Onsager)",1.7,0.8355379105,0.006608689204,0.00147774783,0.6603505015,0.6960877776,-0.006890593562,-0.007916909643
_latest,"BiGAMP (F = Ising, Onsager)",1.8,0.8818952441,0.05431115255,0.0121443429,0.770452857,0.7769986987,-0.007288561203,-0.00916073937
_latest,"BiGAMP (F = Ising, Onsager)",1.9,0.8929092288,0.1043271571,0.02332826153,0.8483805656,0.7901747823,0.002053893404,0.0009795554215
_latest,"BiGAMP (F = Ising, Onsager)",2,0.9055594802,0.2776810527,0.06209137099,0.9424890876,-2.173971891,0.03396460414,0.03619910777
_latest,"BiGAMP (F = Ising, Onsager)",2.1,0.9999759793,6.299508095e-05,1.408612833e-05,1.000011086,0.9999519587,0.03729569167,0.03598193824
_latest,"BiGAMP (F = Ising, Onsager)",2.2,1,7.235729527e-08,1.617958309e-08,0.9999953508,1,-0.0269660987,-0.03116634861
_latest,"BiGAMP (F = Ising, Onsager)",2.3,1,9.070466689e-08,2.02821801e-08,0.9999963045,1,-0.009161545895,-0.0101622669
_latest,"BiGAMP (F = Ising, Onsager)",2.4,1,1.381030899e-07,3.088078968e-08,0.9999972582,1,0.03710315749,0.03852572665
_latest,"BiGAMP (F = Ising, Onsager)",2.5,1,7.105344935e-08,1.588803428e-08,0.999997735,1,0.00879047811,0.008556556888
_latest,"BiGAMP (F = Ising, Onsager)",2.6,1,7.85525458e-08,1.756488322e-08,0.9999982119,1,0.02313593216,0.02403466403
_latest,"BiGAMP (F = Ising, Onsager)",2.7,1,8.429369558e-08,1.884864334e-08,0.9999985099,1,0.03566786274,0.03447413072
_latest,"BiGAMP (F = Ising, Onsager)",2.8,1,7.73531994e-08,1.729670121e-08,0.9999985695,1,0.01480425894,0.01455697138
_latest,"BiGAMP (F = Ising, Onsager)",2.9,1,9.473793483e-08,2.118404623e-08,0.9999987483,1,-0.04095955566,-0.042061802
_latest,"BiGAMP (F = Ising, Onsager)",3,1,1.004847547e-07,2.246907423e-08,0.9999988675,1,0.02663853206,0.02841494419
_latest,"BiGAMP (F = Ising, Onsager)",3.1,1,7.489691711e-08,1.67474598e-08,0.9999990463,1,-0.01121544559,-0.01050714124
_latest,"BiGAMP (F = Ising, Onsager)",3.2,1,7.105344935e-08,1.588803428e-08,0.9999990463,1,-0.02064323612,-0.02386890911
_latest,"BiGAMP (F = Ising, Onsager)",3.3,1,7.105344935e-08,1.588803428e-08,0.9999990463,1,0.01474914607,0.01374269277
_latest,"BiGAMP (F = Ising, Onsager)",3.4,1,1.268097094e-07,2.835551304e-08,0.9999990463,1,-0.0148165049,-0.0164668262
_latest,"BiGAMP (F = Ising, Onsager)",3.5,1,7.105344935e-08,1.588803428e-08,0.9999992251,1,-0.03606835008,-0.03756871447
_latest,"BiGAMP (F = Ising, Onsager)",3.6,1,9.473793483e-08,2.118404623e-08,0.9999992251,1,0.05579606444,0.05297828466
_latest,"BiGAMP (F = Ising, Onsager)",3.7,1,9.860637107e-08,2.204905487e-08,0.9999992251,1,0.02474426106,0.02254938148
_latest,"BiGAMP (F = Ising, Onsager)",3.8,1,1.192092896e-07,2.66560075e-08,0.9999993443,1,0.04167403653,0.04366245493
_latest,"BiGAMP (F = Ising, Onsager)",3.9,1,1.102452742e-07,2.465159274e-08,0.9999993443,1,0.01771729812,0.01694777422
_latest,"BiGAMP (F = Ising, Onsager)",4,1,9.669150103e-08,2.162087691e-08,0.9999994636,1,0.01229375508,0.01065552607
