run_id,series,alpha,Q_Y_COS_mean,Q_Y_COS_std,Q_Y_mean,NMSE_Y_mean,FIT_Y_mean,Q_W_mean,Q_X_mean
20260503_012214_agd_N200_M50_a41_S5_steps200000_4242bd,"AGD, 200k steps",0.0,0.0015963010489940643,0.007116768447528793,0.006369596067816019,1.984325361251831,-0.984325361251831,-0.0013742801733314992,0.011558239767327904
20260503_012214_agd_N200_M50_a41_S5_steps200000_4242bd,"AGD, 200k steps",0.1,0.022208138927817346,0.009319857713004592,0.022287735156714915,1.9666193962097167,-0.9666193962097168,0.009235292673110962,-0.004319417057558894
20260503_012214_agd_N200_M50_a41_S5_steps200000_4242bd,"AGD, 200k steps",0.2,0.04839076548814773,0.004867717214702953,0.04886830821633339,1.921938419342041,-0.921938419342041,0.0012280825525522233,0.00013077822513878344
20260503_012214_agd_N200_M50_a41_S5_steps200000_4242bd,"AGD, 200k steps",0.3,0.07494017332792283,0.003306255982262269,0.07701421678066253,1.9022469758987426,-0.9022469758987427,0.0003457940649241209,-0.0077053879940649495
20260503_012214_agd_N200_M50_a41_S5_steps200000_4242bd,"AGD, 200k steps",0.4,0.09925393611192704,0.007155777549734774,0.1032843455672264,1.8766662359237671,-0.8766662359237671,0.0004434586502611637,-0.0012699481099843978
20260503_012214_agd_N200_M50_a41_S5_steps200000_4242bd,"AGD, 200k steps",0.5,0.12094198912382126,0.004183603959700794,0.12578592747449874,1.8303679704666138,-0.8303679704666138,0.0031079193569894413,-0.0001049709040671587
20260503_012214_agd_N200_M50_a41_S5_steps200000_4242bd,"AGD, 200k steps",0.6,0.15274097621440888,0.007112595090668878,0.16301226019859313,1.8124263048171998,-0.8124263048171997,0.004531154211144894,0.0034853615798056126
20260503_012214_agd_N200_M50_a41_S5_steps200000_4242bd,"AGD, 200k steps",0.7,0.1775174021720886,0.0039837512943394875,0.19380466341972352,1.8044026374816895,-0.8044026374816895,0.004512561543378979,0.00464820684865117
20260503_012214_agd_N200_M50_a41_S5_steps200000_4242bd,"AGD, 200k steps",0.8,0.20092312395572662,0.007560336463977991,0.22316292226314544,1.7875803470611573,-0.7875803470611572,-0.0011611984111368657,-0.0009234857716364786
20260503_012214_agd_N200_M50_a41_S5_steps200000_4242bd,"AGD, 200k steps",0.9,0.23355713188648225,0.006178444052579916,0.2647079050540924,1.7550660133361817,-0.7550660133361816,0.0018935630447231232,0.002893197163939476
20260503_012214_agd_N200_M50_a41_S5_steps200000_4242bd,"AGD, 200k steps",1.0,0.261225962638855,0.005365421639975243,0.30264176726341246,1.7370089530944823,-0.7370089530944824,-0.0061784513294696804,-0.009377124812453985
20260503_012214_agd_N200_M50_a41_S5_steps200000_4242bd,"AGD, 200k steps",1.1,0.28237239718437196,0.008647448818851572,0.3322970151901245,1.720405101776123,-0.720405101776123,0.005699731048662215,0.002687414363026619
20260503_012214_agd_N200_M50_a41_S5_steps200000_4242bd,"AGD, 200k steps",1.2,0.3123490929603577,0.0062008061601603985,0.37705928087234497,1.7035038709640502,-0.7035038709640503,0.0038889803923666476,0.005349657032638788
20260503_012214_agd_N200_M50_a41_S5_steps200000_4242bd,"AGD, 200k steps",1.3,0.33423480987548826,0.0070891046294286044,0.41042816638946533,1.686996841430664,-0.6869968414306641,-0.0037357113789767025,-0.00911585769499652
20260503_012214_agd_N200_M50_a41_S5_steps200000_4242bd,"AGD, 200k steps",1.4,0.3766390919685364,0.008802299929598351,0.4766861617565155,1.6488659858703614,-0.6488659858703614,-0.012935034278780223,-0.008596083102747797
20260503_012214_agd_N200_M50_a41_S5_steps200000_4242bd,"AGD, 200k steps",1.5,0.40825352668762205,0.012455469337897974,0.5275439620018005,1.6150526762008668,-0.6150526762008667,0.0006044031353667379,-0.001691863569431007
20260503_012214_agd_N200_M50_a41_S5_steps200000_4242bd,"AGD, 200k steps",1.6,0.4308591723442078,0.008009733211025905,0.5843137979507447,1.6707903623580933,-0.6707903623580933,4.429258406162262e-05,-0.0016663114074617624
20260503_012214_agd_N200_M50_a41_S5_steps200000_4242bd,"AGD, 200k steps",1.7,0.4431698560714722,0.007987414004033125,0.6417719602584839,1.8142224311828614,-0.8142224311828613,-0.007418382540345192,-0.012585478276014328
20260503_012214_agd_N200_M50_a41_S5_steps200000_4242bd,"AGD, 200k steps",1.8,0.45392376780509947,0.009668421219983299,0.7189391851425171,2.071720576286316,-1.071720576286316,-0.011555564403533936,-0.019701380655169486
20260503_012214_agd_N200_M50_a41_S5_steps200000_4242bd,"AGD, 200k steps",1.9,0.5093101680278778,0.01127626871539921,0.8052985429763794,1.891361689567566,-0.8913616895675659,0.002896848600357771,-0.0003906940575689077
20260503_012214_agd_N200_M50_a41_S5_steps200000_4242bd,"AGD, 200k steps",2.0,0.6788377046585083,0.03983874879403338,0.9032736897468567,0.9729144930839538,0.027085506916046144,0.007628431955527049,0.0031312803272157907
20260503_012214_agd_N200_M50_a41_S5_steps200000_4242bd,"AGD, 200k steps",2.1,0.9999999761581421,3.2646808475563895e-08,0.9999976873397827,1.3384859798293292e-08,0.9999999866151402,-0.0012935776263475417,0.0024302798323333264
20260503_012214_agd_N200_M50_a41_S5_steps200000_4242bd,"AGD, 200k steps",2.2,1.0000000715255737,6.529361695112778e-08,0.9999987959861756,5.299150540594155e-09,0.9999999947008493,-0.011003627142054028,-0.0075637616217136385
20260503_012214_agd_N200_M50_a41_S5_steps200000_4242bd,"AGD, 200k steps",2.3,1.0,0.0,0.999998950958252,2.261598330832726e-09,0.9999999977384016,0.006121509708464146,0.006818138062953949
20260503_012214_agd_N200_M50_a41_S5_steps200000_4242bd,"AGD, 200k steps",2.4,1.0000000596046448,8.429369702178807e-08,0.9999988317489624,1.1433228586099632e-09,0.999999998856677,0.0032289376482367515,0.009198386408388614
20260503_012214_agd_N200_M50_a41_S5_steps200000_4242bd,"AGD, 200k steps",2.5,1.0000000953674317,5.331201499700045e-08,0.9999995470046997,6.217167225486265e-10,0.9999999993782833,-0.0009662888245657086,0.003944213408976794
20260503_012214_agd_N200_M50_a41_S5_steps200000_4242bd,"AGD, 200k steps",2.6,1.0,7.300048299977713e-08,0.9999995231628418,3.7905165672924566e-10,0.9999999996209483,-0.006855168007314205,0.0014257978647947312
20260503_012214_agd_N200_M50_a41_S5_steps200000_4242bd,"AGD, 200k steps",2.7,0.9999999642372132,3.2646808475563895e-08,0.9999996542930603,2.4579456803230925e-10,0.9999999997542055,0.004221497476100922,-0.002291232720017433
20260503_012214_agd_N200_M50_a41_S5_steps200000_4242bd,"AGD, 200k steps",2.8,1.000000011920929,6.529361695112778e-08,0.999999749660492,1.5127430974537505e-10,0.9999999998487257,-0.0076982414349913595,-0.005522694624960423
20260503_012214_agd_N200_M50_a41_S5_steps200000_4242bd,"AGD, 200k steps",2.9,1.0000000834465026,7.996802249550069e-08,0.9999998331069946,9.681605239730828e-11,0.9999999999031839,0.011860148049890995,0.008681791368871927
20260503_012214_agd_N200_M50_a41_S5_steps200000_4242bd,"AGD, 200k steps",3.0,1.000000035762787,7.996802249550067e-08,0.9999998331069946,7.207865693192871e-11,0.9999999999279213,-0.007607356645166874,-0.00343429297208786
20260503_012214_agd_N200_M50_a41_S5_steps200000_4242bd,"AGD, 200k steps",3.1,1.000000035762787,7.996802249550067e-08,0.9999999046325684,4.955188759314666e-11,0.9999999999504482,-0.0036933627910912038,0.0004270114004611969
20260503_012214_agd_N200_M50_a41_S5_steps200000_4242bd,"AGD, 200k steps",3.2,1.0000000834465026,7.996802249550069e-08,0.9999998807907104,3.568743148218978e-11,0.9999999999643127,0.0018786347471177578,0.004684374376665801
20260503_012214_agd_N200_M50_a41_S5_steps200000_4242bd,"AGD, 200k steps",3.3,1.0000000953674317,5.331201499700045e-08,0.9999999403953552,2.5912826051577297e-11,0.9999999999740872,-0.025920720770955086,-0.02125729253166355
20260503_012214_agd_N200_M50_a41_S5_steps200000_4242bd,"AGD, 200k steps",3.4,1.0000000715255737,6.529361695112779e-08,0.9999999046325684,2.014419915596921e-11,0.9999999999798558,0.008551521366462112,0.003230041451752186
20260503_012214_agd_N200_M50_a41_S5_steps200000_4242bd,"AGD, 200k steps",3.5,1.000000011920929,6.529361695112778e-08,0.9999999523162841,1.4121670499633865e-11,0.9999999999858783,0.00458439071662724,0.0019480427727103233
20260503_012214_agd_N200_M50_a41_S5_steps200000_4242bd,"AGD, 200k steps",3.6,1.0000001192092896,0.0,1.0,1.0893346814866423e-11,0.9999999999891067,0.015791531349532307,0.011188692535506561
20260503_012214_agd_N200_M50_a41_S5_steps200000_4242bd,"AGD, 200k steps",3.7,1.000000011920929,6.529361695112778e-08,0.9999999523162841,8.114066016307042e-12,0.9999999999918859,-0.018912792578339575,-0.01621629558503628
20260503_012214_agd_N200_M50_a41_S5_steps200000_4242bd,"AGD, 200k steps",3.8,1.0000000715255737,6.529361695112779e-08,0.9999999880790711,6.211581422832513e-12,0.9999999999937884,-0.015269243251532316,-0.02185753295198083
20260503_012214_agd_N200_M50_a41_S5_steps200000_4242bd,"AGD, 200k steps",3.9,1.0000000953674317,5.331201499700045e-08,1.0,4.42847234577437e-12,0.9999999999955715,0.0019974052091129126,0.007757285190746188
20260503_012214_agd_N200_M50_a41_S5_steps200000_4242bd,"AGD, 200k steps",4.0,1.0000000953674317,5.331201499700045e-08,1.0,3.1480105414788405e-12,0.999999999996852,-0.00917501412332058,-0.005692504101898521
20260503_012128_bg_N200_M50_a41_S5_steps5000_ddc484,"Dense BiGAMP, 5k steps",0.0,0.0,0.0,0.0,1.0,0.0,0.0,0.0
20260503_012128_bg_N200_M50_a41_S5_steps5000_ddc484,"Dense BiGAMP, 5k steps",0.1,0.0,0.0,0.0,1.0,0.0,0.0,0.0
20260503_012128_bg_N200_M50_a41_S5_steps5000_ddc484,"Dense BiGAMP, 5k steps",0.2,0.05616842284798622,0.00012298191943946888,0.0002317073696758598,0.999553632736206,0.0004463672637939453,-0.00011392602464184165,-0.00021019463893026113
20260503_012128_bg_N200_M50_a41_S5_steps5000_ddc484,"Dense BiGAMP, 5k steps",0.3,0.1312251478433609,2.0761501320391185e-05,0.005953447613865137,0.9901513934135437,0.0098486065864563,-0.00034589284914545717,-0.00033373393816873433
20260503_012128_bg_N200_M50_a41_S5_steps5000_ddc484,"Dense BiGAMP, 5k steps",0.4,0.20427999496459961,3.009613057464447e-05,0.0167711578309536,0.9731979370117188,0.02680206298828125,-0.0011206424096599221,-4.8608670476824044e-05
20260503_012128_bg_N200_M50_a41_S5_steps5000_ddc484,"Dense BiGAMP, 5k steps",0.5,0.2583838939666748,7.848473541898392e-05,0.028684907779097556,0.9549548983573913,0.045045101642608644,0.001401488516421523,0.0018553428584709764
20260503_012128_bg_N200_M50_a41_S5_steps5000_ddc484,"Dense BiGAMP, 5k steps",0.6,0.31635724306106566,0.00014708524105746685,0.046011044085025786,0.9291307687759399,0.07086923122406005,0.0038651049602776767,0.002684503048658371
20260503_012128_bg_N200_M50_a41_S5_steps5000_ddc484,"Dense BiGAMP, 5k steps",0.7,0.40669761300086976,0.00021168382279582434,0.07049797177314758,0.8890516996383667,0.1109483003616333,-0.0012349066382739693,-0.002186690640519373
20260503_012128_bg_N200_M50_a41_S5_steps5000_ddc484,"Dense BiGAMP, 5k steps",0.8,0.4486166834831238,0.00017262119866087356,0.0887356698513031,0.8616528868675232,0.1383471131324768,-0.0013518508058041334,-0.0020524047082290053
20260503_012128_bg_N200_M50_a41_S5_steps5000_ddc484,"Dense BiGAMP, 5k steps",0.9,0.5124967694282532,8.408044871910595e-05,0.11746440231800079,0.8176040053367615,0.18239599466323853,-0.0016209688968956471,-0.0014854692853987217
20260503_012128_bg_N200_M50_a41_S5_steps5000_ddc484,"Dense BiGAMP, 5k steps",1.0,0.5475389242172242,0.0002896238492904655,0.1420809507369995,0.7831732749938964,0.2168267250061035,-0.002561828773468733,-0.0033185710373800246
20260503_012128_bg_N200_M50_a41_S5_steps5000_ddc484,"Dense BiGAMP, 5k steps",1.1,0.5947649478912354,0.0001743655109476192,0.16513794660568237,0.7468150138854981,0.25318498611450196,0.0027040983899496497,0.004072287445887923
20260503_012128_bg_N200_M50_a41_S5_steps5000_ddc484,"Dense BiGAMP, 5k steps",1.2,0.6426181077957154,0.00016830141376425865,0.19061041474342347,0.7067598819732666,0.2932401180267334,-0.0003163622692227364,0.001523831719532609
20260503_012128_bg_N200_M50_a41_S5_steps5000_ddc484,"Dense BiGAMP, 5k steps",1.3,0.6604207515716553,0.0003546334201704227,0.21016242504119872,0.6809423446655274,0.31905765533447267,-0.0034743879456073045,-0.004926236206665635
20260503_012128_bg_N200_M50_a41_S5_steps5000_ddc484,"Dense BiGAMP, 5k steps",1.4,0.7090802073478699,0.00014392396150944862,0.2492719292640686,0.6250383973121643,0.3749616026878357,-0.006628505932167172,-0.007676859269849956
20260503_012128_bg_N200_M50_a41_S5_steps5000_ddc484,"Dense BiGAMP, 5k steps",1.5,0.7349533200263977,0.00029918368901886086,0.27536813020706175,0.5896445870399475,0.4103554129600525,-0.00422675609588623,-0.0007792670279741287
20260503_012128_bg_N200_M50_a41_S5_steps5000_ddc484,"Dense BiGAMP, 5k steps",1.6,0.7699155807495117,0.0003406830268478635,0.3093530535697937,0.542738139629364,0.457261860370636,-0.006434866128256544,-0.00844159842818044
20260503_012128_bg_N200_M50_a41_S5_steps5000_ddc484,"Dense BiGAMP, 5k steps",1.7,0.7984830617904664,0.00023967409139769223,0.3408385396003723,0.5005303382873535,0.4994696617126465,-0.0032389579340815545,-0.005045649223029613
20260503_012128_bg_N200_M50_a41_S5_steps5000_ddc484,"Dense BiGAMP, 5k steps",1.8,0.8251463770866394,0.00031151694872648796,0.37636829614639283,0.4553116917610168,0.5446883082389832,-0.005065790971275419,-0.004691848810762167
20260503_012128_bg_N200_M50_a41_S5_steps5000_ddc484,"Dense BiGAMP, 5k steps",1.9,0.8462984681129455,0.001490212971639232,0.44959909915924073,0.38303364515304567,0.6169663548469544,-0.0016488504596054554,-0.00043248520232737065
20260503_012128_bg_N200_M50_a41_S5_steps5000_ddc484,"Dense BiGAMP, 5k steps",2.0,0.8787522554397583,9.16217484695778e-05,0.5369911909103393,0.29944103956222534,0.7005589604377747,0.003829378983937204,0.0006887501833261922
20260503_012128_bg_N200_M50_a41_S5_steps5000_ddc484,"Dense BiGAMP, 5k steps",2.1,0.9999998569488525,3.264680847556389e-08,0.999905800819397,3.001826314630307e-07,0.9999996998173686,0.01241168100386858,0.008991664182394743
20260503_012128_bg_N200_M50_a41_S5_steps5000_ddc484,"Dense BiGAMP, 5k steps",2.2,0.9999999880790711,2.6656007498500224e-08,0.9999616622924805,9.925086175144315e-08,0.9999999007491382,0.006946037447778508,0.00449038646183908
20260503_012128_bg_N200_M50_a41_S5_steps5000_ddc484,"Dense BiGAMP, 5k steps",2.3,0.9999999880790711,7.771494871619522e-08,0.9999773859977722,6.310618374527622e-08,0.9999999368938163,0.003874646546319127,0.0046299263834953305
20260503_012128_bg_N200_M50_a41_S5_steps5000_ddc484,"Dense BiGAMP, 5k steps",2.4,1.0,7.300048299977713e-08,0.9999867796897888,5.029347889262681e-08,0.9999999497065211,0.003983416967093945,0.008680610451847315
20260503_012128_bg_N200_M50_a41_S5_steps5000_ddc484,"Dense BiGAMP, 5k steps",2.5,1.000000011920929,6.529361695112779e-08,0.9999896168708802,4.3561757934185155e-08,0.999999956438242,0.011076024454087018,0.007121662981808186
20260503_012128_bg_N200_M50_a41_S5_steps5000_ddc484,"Dense BiGAMP, 5k steps",2.6,0.9999999523162841,2.6656007498500224e-08,0.9999935150146484,3.800132404307988e-08,0.9999999619986759,-0.013232272118330002,-0.01189610322471708
20260503_012128_bg_N200_M50_a41_S5_steps5000_ddc484,"Dense BiGAMP, 5k steps",2.7,0.9999999642372132,3.2646808475563895e-08,0.9999985098838806,3.490569895348017e-08,0.999999965094301,0.009802170982584357,0.005541096813976765
20260503_012128_bg_N200_M50_a41_S5_steps5000_ddc484,"Dense BiGAMP, 5k steps",2.8,1.000000035762787,7.996802249550067e-08,0.9999923825263977,3.246651232302611e-08,0.9999999675334876,0.001801497209817171,0.004785376868676394
20260503_012128_bg_N200_M50_a41_S5_steps5000_ddc484,"Dense BiGAMP, 5k steps",2.9,0.9999999880790711,2.6656007498500224e-08,0.9999932765960693,3.045835015313969e-08,0.9999999695416498,-0.03718848973512649,-0.03654089197516441
20260503_012128_bg_N200_M50_a41_S5_steps5000_ddc484,"Dense BiGAMP, 5k steps",3.0,0.9999999761581421,3.2646808475563895e-08,0.9999962329864502,2.883247134377598e-08,0.9999999711675287,0.009918535128235817,0.015950461104512214
20260503_012128_bg_N200_M50_a41_S5_steps5000_ddc484,"Dense BiGAMP, 5k steps",3.1,0.9999999403953552,4.2146848510894035e-08,0.9999983191490174,2.777594261260674e-08,0.9999999722240573,0.008912190655246377,0.007402380369603634
20260503_012128_bg_N200_M50_a41_S5_steps5000_ddc484,"Dense BiGAMP, 5k steps",3.2,1.0000000596046448,8.429369702178807e-08,0.9999977827072144,2.6777810546718682e-08,0.9999999732221895,0.006081295269541443,0.005791544076055288
20260503_012128_bg_N200_M50_a41_S5_steps5000_ddc484,"Dense BiGAMP, 5k steps",3.3,0.9999999642372132,3.264680847556389e-08,0.9999985337257385,2.5778201973025715e-08,0.999999974221798,0.012200883589684963,0.014555202983319759
20260503_012128_bg_N200_M50_a41_S5_steps5000_ddc484,"Dense BiGAMP, 5k steps",3.4,1.000000011920929,6.529361695112778e-08,0.9999965906143189,2.5089386923582423e-08,0.9999999749106131,0.004875612301111687,0.005448877462185919
20260503_012128_bg_N200_M50_a41_S5_steps5000_ddc484,"Dense BiGAMP, 5k steps",3.5,1.000000011920929,6.529361695112779e-08,0.9999959468841553,2.4389950326053623e-08,0.9999999756100497,-0.0003630449995398521,0.0004728728905320168
20260503_012128_bg_N200_M50_a41_S5_steps5000_ddc484,"Dense BiGAMP, 5k steps",3.6,0.9999999642372132,5.331201499700045e-08,0.9999979853630065,2.342525853293864e-08,0.9999999765747415,0.002011046651750803,-0.0013097490998916328
20260503_012128_bg_N200_M50_a41_S5_steps5000_ddc484,"Dense BiGAMP, 5k steps",3.7,1.000000011920929,1.066240299940009e-07,0.9999993205070495,2.3345953081843617e-08,0.9999999766540469,0.0017615796998143197,0.00012903423048555852
20260503_012128_bg_N200_M50_a41_S5_steps5000_ddc484,"Dense BiGAMP, 5k steps",3.8,0.9999999761581421,3.2646808475563895e-08,0.9999997615814209,2.317603353674258e-08,0.9999999768239665,-0.0005954857915639877,0.0015418869676068424
20260503_012128_bg_N200_M50_a41_S5_steps5000_ddc484,"Dense BiGAMP, 5k steps",3.9,0.9999999642372132,3.264680847556389e-08,0.9999989628791809,2.2315088799018666e-08,0.9999999776849112,-0.011237613670527936,-0.008602196630090476
20260503_012128_bg_N200_M50_a41_S5_steps5000_ddc484,"Dense BiGAMP, 5k steps",4.0,0.9999999880790711,7.771494871619521e-08,0.9999970316886901,2.2021920997872258e-08,0.999999977978079,-1.1582882143557071e-05,0.0013913244009017944
20260503_012144_bgs_N200_M50_a41_S5_steps5000_1dea1b,"Spreading BiGAMP, no Onsager, 5k steps",0.0,0.0008227454381994903,0.006451832130551338,4.593890844262205e-05,1.000085711479187,-8.577108383178711e-05,0.0007705252501182258,0.0010860244510695338
20260503_012144_bgs_N200_M50_a41_S5_steps5000_1dea1b,"Spreading BiGAMP, no Onsager, 5k steps",0.1,0.043752092868089676,0.00529722822830081,0.024792227894067764,1.2727864980697632,-0.27278637886047363,-0.0013654682552441955,0.0005404189578257501
20260503_012144_bgs_N200_M50_a41_S5_steps5000_1dea1b,"Spreading BiGAMP, no Onsager, 5k steps",0.2,0.05376492068171501,0.006317881401628256,0.050656259059906006,1.7887659072875977,-0.7887658476829529,-0.005118762142956257,-0.003907334059476852
20260503_012144_bgs_N200_M50_a41_S5_steps5000_1dea1b,"Spreading BiGAMP, no Onsager, 5k steps",0.3,0.060517407953739166,0.006189593579620123,0.07355858385562897,2.3278229236602783,-1.3278229236602783,-0.0026006256230175495,0.0016143408138304949
20260503_012144_bgs_N200_M50_a41_S5_steps5000_1dea1b,"Spreading BiGAMP, no Onsager, 5k steps",0.4,0.07284005731344223,0.004672976676374674,0.09978512674570084,2.678138494491577,-1.6781381368637085,0.004977630451321602,-0.014112904667854309
20260503_012144_bgs_N200_M50_a41_S5_steps5000_1dea1b,"Spreading BiGAMP, no Onsager, 5k steps",0.5,0.084488645195961,0.003555461298674345,0.12572772800922394,2.967886447906494,-1.9678865671157837,-0.003991504665464163,0.0018745482666417956
20260503_012144_bgs_N200_M50_a41_S5_steps5000_1dea1b,"Spreading BiGAMP, no Onsager, 5k steps",0.6,0.09353680163621902,0.004781743511557579,0.14528067409992218,3.1226096153259277,-2.1226096153259277,0.004098059609532356,-0.0008205436170101166
20260503_012144_bgs_N200_M50_a41_S5_steps5000_1dea1b,"Spreading BiGAMP, no Onsager, 5k steps",0.7,0.11295106261968613,0.004261130001395941,0.178194060921669,3.133474111557007,-2.133474111557007,-0.015000681392848492,-0.006740137934684753
20260503_012144_bgs_N200_M50_a41_S5_steps5000_1dea1b,"Spreading BiGAMP, no Onsager, 5k steps",0.8,0.1273905485868454,0.0067141419276595116,0.19932129979133606,3.046854019165039,-2.046854019165039,-0.0011259512975811958,-0.0075118402019143105
20260503_012144_bgs_N200_M50_a41_S5_steps5000_1dea1b,"Spreading BiGAMP, no Onsager, 5k steps",0.9,0.14607948064804077,0.007652201224118471,0.22765155136585236,2.9735209941864014,-1.973521113395691,-0.00530991330742836,-0.0019512601429596543
20260503_012144_bgs_N200_M50_a41_S5_steps5000_1dea1b,"Spreading BiGAMP, no Onsager, 5k steps",1.0,0.1608813852071762,0.006539756432175636,0.2472037374973297,2.8671224117279053,-1.8671222925186157,0.0031187948770821095,0.009154393337666988
20260503_012144_bgs_N200_M50_a41_S5_steps5000_1dea1b,"Spreading BiGAMP, no Onsager, 5k steps",1.1,0.18046174943447113,0.0054049366153776646,0.2713015675544739,2.7179856300354004,-1.7179855108261108,-0.005626524332910776,-0.0015948709333315492
20260503_012144_bgs_N200_M50_a41_S5_steps5000_1dea1b,"Spreading BiGAMP, no Onsager, 5k steps",1.2,0.20057018101215363,0.005251140799373388,0.30015280842781067,2.6391589641571045,-1.639159083366394,0.005652777384966612,-0.003542424878105521
20260503_012144_bgs_N200_M50_a41_S5_steps5000_1dea1b,"Spreading BiGAMP, no Onsager, 5k steps",1.3,0.22250120341777802,0.0021439814008772373,0.32853326201438904,2.523294448852539,-1.5232943296432495,-0.00848445761948824,0.010261333547532558
20260503_012144_bgs_N200_M50_a41_S5_steps5000_1dea1b,"Spreading BiGAMP, no Onsager, 5k steps",1.4,0.2406003475189209,0.011913225054740906,0.35116010904312134,2.428251028060913,-1.4282512664794922,0.009511296637356281,0.011147554032504559
20260503_012144_bgs_N200_M50_a41_S5_steps5000_1dea1b,"Spreading BiGAMP, no Onsager, 5k steps",1.5,0.26006120443344116,0.0044735572300851345,0.3789379298686981,2.3651981353759766,-1.365198016166687,-0.002331049647182226,0.0035529599990695715
20260503_012144_bgs_N200_M50_a41_S5_steps5000_1dea1b,"Spreading BiGAMP, no Onsager, 5k steps",1.6,0.2696549594402313,0.003975424449890852,0.3991110026836395,2.3927197456359863,-1.3927198648452759,-0.0039040525443851948,0.001269442611373961
20260503_012144_bgs_N200_M50_a41_S5_steps5000_1dea1b,"Spreading BiGAMP, no Onsager, 5k steps",1.7,0.2863219678401947,0.003117671236395836,0.43028607964515686,2.398188591003418,-1.398188591003418,-0.008063117042183876,-0.0008534990483894944
20260503_012144_bgs_N200_M50_a41_S5_steps5000_1dea1b,"Spreading BiGAMP, no Onsager, 5k steps",1.8,0.2909035086631775,0.0050251963548362255,0.4514550268650055,2.5052170753479004,-1.50521719455719,0.012256661430001259,0.008014730177819729
20260503_012144_bgs_N200_M50_a41_S5_steps5000_1dea1b,"Spreading BiGAMP, no Onsager, 5k steps",1.9,0.29240524768829346,0.008000899106264114,0.48116692900657654,2.747561454772949,-1.7475616931915283,-0.0005004449631087482,0.012457665055990219
20260503_012144_bgs_N200_M50_a41_S5_steps5000_1dea1b,"Spreading BiGAMP, no Onsager, 5k steps",2.0,0.2923145294189453,0.008958419784903526,0.5115875601768494,3.039724588394165,-2.039724826812744,-0.002246450399979949,0.005272720940411091
20260503_012144_bgs_N200_M50_a41_S5_steps5000_1dea1b,"Spreading BiGAMP, no Onsager, 5k steps",2.1,0.2906343638896942,0.005785769317299128,0.5306970477104187,3.274371862411499,-2.274371862411499,-0.005339836236089468,-0.005515470169484615
20260503_012144_bgs_N200_M50_a41_S5_steps5000_1dea1b,"Spreading BiGAMP, no Onsager, 5k steps",2.2,0.30414876341819763,0.010536391288042068,0.5594035983085632,3.264275312423706,-2.264275550842285,0.014608606696128845,-0.0018893817905336618
20260503_012144_bgs_N200_M50_a41_S5_steps5000_1dea1b,"Spreading BiGAMP, no Onsager, 5k steps",2.3,0.3313652575016022,0.004668383859097958,0.591822624206543,3.007488965988159,-2.007488965988159,0.010391277261078358,0.0022076342720538378
20260503_012144_bgs_N200_M50_a41_S5_steps5000_1dea1b,"Spreading BiGAMP, no Onsager, 5k steps",2.4,0.3557487726211548,0.006146070547401905,0.61043781042099,2.7238450050354004,-1.72384512424469,-0.011867295019328594,-0.01237292867153883
20260503_012144_bgs_N200_M50_a41_S5_steps5000_1dea1b,"Spreading BiGAMP, no Onsager, 5k steps",2.5,0.3803096413612366,0.010072627104818821,0.6255753636360168,2.4561333656311035,-1.4561333656311035,0.007577824871987104,0.00686308229342103
20260503_012144_bgs_N200_M50_a41_S5_steps5000_1dea1b,"Spreading BiGAMP, no Onsager, 5k steps",2.6,0.4124647080898285,0.009210282936692238,0.6458730101585388,2.1610543727874756,-1.1610544919967651,-0.016580596566200256,-0.01163459662348032
20260503_012144_bgs_N200_M50_a41_S5_steps5000_1dea1b,"Spreading BiGAMP, no Onsager, 5k steps",2.7,0.4511945843696594,0.00750937731936574,0.6686071157455444,1.8592197895050049,-0.8592196702957153,0.05004298314452171,0.03879266604781151
20260503_012144_bgs_N200_M50_a41_S5_steps5000_1dea1b,"Spreading BiGAMP, no Onsager, 5k steps",2.8,0.48462778329849243,0.007381992880254984,0.6845731735229492,1.6270631551742554,-0.6270630955696106,0.03671884536743164,0.029402662068605423
20260503_012144_bgs_N200_M50_a41_S5_steps5000_1dea1b,"Spreading BiGAMP, no Onsager, 5k steps",2.9,0.5223211646080017,0.008875487372279167,0.6995717883110046,1.3950016498565674,-0.395001620054245,-0.03931565582752228,-0.03625457361340523
20260503_012144_bgs_N200_M50_a41_S5_steps5000_1dea1b,"Spreading BiGAMP, no Onsager, 5k steps",3.0,0.5569368004798889,0.006218752358108759,0.7129990458488464,1.213255524635315,-0.21325545012950897,0.01081796269863844,0.01720774732530117
20260503_012144_bgs_N200_M50_a41_S5_steps5000_1dea1b,"Spreading BiGAMP, no Onsager, 5k steps",3.1,0.5940484404563904,0.004056929145008326,0.7278446555137634,1.0455464124679565,-0.04554631933569908,-0.004438398871570826,0.0019703011494129896
20260503_012144_bgs_N200_M50_a41_S5_steps5000_1dea1b,"Spreading BiGAMP, no Onsager, 5k steps",3.2,0.6394597291946411,0.008444893173873425,0.7505697011947632,0.8766077160835266,0.12339223921298981,0.007589387241750956,0.0038210724014788866
20260503_012144_bgs_N200_M50_a41_S5_steps5000_1dea1b,"Spreading BiGAMP, no Onsager, 5k steps",3.3,0.6947310566902161,0.011427507735788822,0.774427592754364,0.6938796639442444,0.3061203956604004,0.011625762097537518,0.0173169132322073
20260503_012144_bgs_N200_M50_a41_S5_steps5000_1dea1b,"Spreading BiGAMP, no Onsager, 5k steps",3.4,0.7917312979698181,0.022676687687635422,0.8254645466804504,0.4368901252746582,0.5631098747253418,-0.03394140675663948,-0.03536101430654526
20260503_012144_bgs_N200_M50_a41_S5_steps5000_1dea1b,"Spreading BiGAMP, no Onsager, 5k steps",3.5,0.9257568717002869,0.10302666574716568,0.9306880831718445,0.15099535882472992,0.8490046858787537,0.0565529428422451,0.06526651233434677
20260503_012144_bgs_N200_M50_a41_S5_steps5000_1dea1b,"Spreading BiGAMP, no Onsager, 5k steps",3.6,1.0,5.960464477539063e-08,1.0,1.8268887921543686e-14,1.0,0.005320267286151648,-0.003659189445897937
20260503_012144_bgs_N200_M50_a41_S5_steps5000_1dea1b,"Spreading BiGAMP, no Onsager, 5k steps",3.7,1.0,5.960464477539063e-08,1.0,1.6821132431833058e-14,1.0,0.04307593032717705,0.030296189710497856
20260503_012144_bgs_N200_M50_a41_S5_steps5000_1dea1b,"Spreading BiGAMP, no Onsager, 5k steps",3.8,1.0,0.0,1.0,1.5374498413744594e-14,1.0,0.16987590491771698,0.1722220480442047
20260503_012144_bgs_N200_M50_a41_S5_steps5000_1dea1b,"Spreading BiGAMP, no Onsager, 5k steps",3.9,1.0,6.107658379050918e-08,1.0,1.454104679276657e-14,1.0,0.05434275418519974,0.060871969908475876
20260503_012144_bgs_N200_M50_a41_S5_steps5000_1dea1b,"Spreading BiGAMP, no Onsager, 5k steps",4.0,1.0,5.960464477539063e-08,1.0,1.375588536714446e-14,1.0,-0.007828788831830025,-0.010171928443014622
