run_id,series,label,M,alpha,Q_W_mean,Q_X_mean,Q_Y_mean,FIT_Y_mean,NMSE_Y_mean
20260430_044004_m_sweep_2k_grid_c_bgs_N2000_M50_rank5-a24_S1_steps60000_dfa230,M20,M=20,20,0.0,4.203895392974451e-45,5.605193857299268e-45,0.0,0.0,1.0
20260430_044004_m_sweep_2k_grid_c_bgs_N2000_M50_rank5-a24_S1_steps60000_dfa230,M20,M=20,20,0.3,0.010644321329891682,0.012360818684101105,0.06179160997271538,0.10861676931381226,0.8913832306861877
20260430_044004_m_sweep_2k_grid_c_bgs_N2000_M50_rank5-a24_S1_steps60000_dfa230,M20,M=20,20,0.6,0.027872515842318535,0.029506463557481766,0.182955801486969,0.2790883183479309,0.7209116816520691
20260430_044004_m_sweep_2k_grid_c_bgs_N2000_M50_rank5-a24_S1_steps60000_dfa230,M20,M=20,20,0.75,0.05518075451254845,0.05615827441215515,0.22282643616199493,0.31895124912261963,0.6810487508773804
20260430_044004_m_sweep_2k_grid_c_bgs_N2000_M50_rank5-a24_S1_steps60000_dfa230,M20,M=20,20,0.85,0.06967207044363022,0.07117991149425507,0.24825143814086914,0.33959251642227173,0.6604074835777283
20260430_044004_m_sweep_2k_grid_c_bgs_N2000_M50_rank5-a24_S1_steps60000_dfa230,M20,M=20,20,0.9,0.08917951583862305,0.09083891659975052,0.2609696090221405,0.3508259057998657,0.6491740942001343
20260430_044004_m_sweep_2k_grid_c_bgs_N2000_M50_rank5-a24_S1_steps60000_dfa230,M20,M=20,20,0.95,0.0893799290060997,0.0908564105629921,0.2700774073600769,0.35381019115448,0.64618980884552
20260430_044004_m_sweep_2k_grid_c_bgs_N2000_M50_rank5-a24_S1_steps60000_dfa230,M20,M=20,20,1.0,0.11701752990484238,0.11926071345806122,0.2828168272972107,0.36241453886032104,0.637585461139679
20260430_044004_m_sweep_2k_grid_c_bgs_N2000_M50_rank5-a24_S1_steps60000_dfa230,M20,M=20,20,1.05,0.1491565704345703,0.15144482254981995,0.2970632314682007,0.3746858835220337,0.6253141164779663
20260430_044004_m_sweep_2k_grid_c_bgs_N2000_M50_rank5-a24_S1_steps60000_dfa230,M20,M=20,20,1.1,0.1763809621334076,0.17788641154766083,0.312560111284256,0.3887651562690735,0.6112348437309265
20260430_044004_m_sweep_2k_grid_c_bgs_N2000_M50_rank5-a24_S1_steps60000_dfa230,M20,M=20,20,1.15,0.19296811521053314,0.1947815865278244,0.3238356411457062,0.3933759927749634,0.6066240072250366
20260430_044004_m_sweep_2k_grid_c_bgs_N2000_M50_rank5-a24_S1_steps60000_dfa230,M20,M=20,20,1.2,0.2256602793931961,0.22637274861335754,0.3421657085418701,0.4105558395385742,0.5894441604614258
20260430_044004_m_sweep_2k_grid_c_bgs_N2000_M50_rank5-a24_S1_steps60000_dfa230,M20,M=20,20,1.25,0.2660844922065735,0.26796475052833557,0.358816534280777,0.42465752363204956,0.5753424763679504
20260430_044004_m_sweep_2k_grid_c_bgs_N2000_M50_rank5-a24_S1_steps60000_dfa230,M20,M=20,20,1.3,0.3013034462928772,0.3043024241924286,0.379522442817688,0.4445965886116028,0.5554034113883972
20260430_044004_m_sweep_2k_grid_c_bgs_N2000_M50_rank5-a24_S1_steps60000_dfa230,M20,M=20,20,1.4,0.40410688519477844,0.40904268622398376,0.4383697509765625,0.5113710165023804,0.48862898349761963
20260430_044004_m_sweep_2k_grid_c_bgs_N2000_M50_rank5-a24_S1_steps60000_dfa230,M20,M=20,20,1.5,0.500352144241333,0.5048867464065552,0.5100027322769165,0.5857326984405518,0.41426730155944824
20260430_044004_m_sweep_2k_grid_c_bgs_N2000_M50_rank5-a24_S1_steps60000_dfa230,M20,M=20,20,1.6,0.5989817976951599,0.6051256656646729,0.6005138754844666,0.6645821928977966,0.33541780710220337
20260430_044004_m_sweep_2k_grid_c_bgs_N2000_M50_rank5-a24_S1_steps60000_dfa230,M20,M=20,20,1.7,0.7040004730224609,0.7131539583206177,0.7051017880439758,0.7499954700469971,0.25000452995300293
20260430_044004_m_sweep_2k_grid_c_bgs_N2000_M50_rank5-a24_S1_steps60000_dfa230,M20,M=20,20,1.8,0.8046357035636902,0.8149597644805908,0.8076658844947815,0.8301121592521667,0.16988782584667206
20260430_044004_m_sweep_2k_grid_c_bgs_N2000_M50_rank5-a24_S1_steps60000_dfa230,M20,M=20,20,1.9,0.9015683531761169,0.9134685397148132,0.9026537537574768,0.911772608757019,0.08822738379240036
20260430_044004_m_sweep_2k_grid_c_bgs_N2000_M50_rank5-a24_S1_steps60000_dfa230,M20,M=20,20,2.0,0.9892231225967407,1.0025696754455566,0.9922865629196167,0.9944436550140381,0.005556339398026466
20260430_044004_m_sweep_2k_grid_c_bgs_N2000_M50_rank5-a24_S1_steps60000_dfa230,M20,M=20,20,2.1,0.9969179630279541,1.0103949308395386,0.9998438954353333,0.9999989867210388,1.0122884077645722e-06
20260430_044004_m_sweep_2k_grid_c_bgs_N2000_M50_rank5-a24_S1_steps60000_dfa230,M20,M=20,20,2.3,0.9969977140426636,1.0104581117630005,0.9999213218688965,0.9999972581863403,2.7624946596915834e-06
20260430_044004_m_sweep_2k_grid_c_bgs_N2000_M50_rank5-a24_S1_steps60000_dfa230,M20,M=20,20,2.5,0.9971113204956055,1.0104491710662842,0.9999714493751526,1.0,1.1975915370499024e-08
20260430_044004_m_sweep_2k_grid_c_bgs_N2000_M50_rank5-a24_S1_steps60000_dfa230,M50,M=50,50,0.0,5.605193857299268e-45,5.605193857299268e-45,0.0,0.0,1.0
20260430_044004_m_sweep_2k_grid_c_bgs_N2000_M50_rank5-a24_S1_steps60000_dfa230,M50,M=50,50,0.3,0.007042609620839357,0.007055718917399645,0.05290903523564339,0.09692299365997314,0.9030770063400269
20260430_044004_m_sweep_2k_grid_c_bgs_N2000_M50_rank5-a24_S1_steps60000_dfa230,M50,M=50,50,0.6,0.019296372309327126,0.01982194371521473,0.1805272251367569,0.27904367446899414,0.7209563255310059
20260430_044004_m_sweep_2k_grid_c_bgs_N2000_M50_rank5-a24_S1_steps60000_dfa230,M50,M=50,50,0.75,0.045912615954875946,0.047189801931381226,0.22426515817642212,0.32195979356765747,0.6780402064323425
20260430_044004_m_sweep_2k_grid_c_bgs_N2000_M50_rank5-a24_S1_steps60000_dfa230,M50,M=50,50,0.85,0.0771334320306778,0.07754639536142349,0.24977879226207733,0.34238946437835693,0.6576105356216431
20260430_044004_m_sweep_2k_grid_c_bgs_N2000_M50_rank5-a24_S1_steps60000_dfa230,M50,M=50,50,0.9,0.09291283041238785,0.09131322056055069,0.26248595118522644,0.35283470153808594,0.6471652984619141
20260430_044004_m_sweep_2k_grid_c_bgs_N2000_M50_rank5-a24_S1_steps60000_dfa230,M50,M=50,50,0.95,0.08947628736495972,0.08848854154348373,0.2720375955104828,0.35640817880630493,0.6435918211936951
20260430_044004_m_sweep_2k_grid_c_bgs_N2000_M50_rank5-a24_S1_steps60000_dfa230,M50,M=50,50,1.0,0.11119858920574188,0.11148316413164139,0.2834874093532562,0.36256784200668335,0.6374321579933167
20260430_044004_m_sweep_2k_grid_c_bgs_N2000_M50_rank5-a24_S1_steps60000_dfa230,M50,M=50,50,1.05,0.14147421717643738,0.14299078285694122,0.2980627715587616,0.37520211935043335,0.6247978806495667
20260430_044004_m_sweep_2k_grid_c_bgs_N2000_M50_rank5-a24_S1_steps60000_dfa230,M50,M=50,50,1.1,0.16653911769390106,0.16685207188129425,0.312502384185791,0.3864019513130188,0.6135980486869812
20260430_044004_m_sweep_2k_grid_c_bgs_N2000_M50_rank5-a24_S1_steps60000_dfa230,M50,M=50,50,1.15,0.19760331511497498,0.19818361103534698,0.32677990198135376,0.396198570728302,0.603801429271698
20260430_044004_m_sweep_2k_grid_c_bgs_N2000_M50_rank5-a24_S1_steps60000_dfa230,M50,M=50,50,1.2,0.24195225536823273,0.24303799867630005,0.34656909108161926,0.4169790744781494,0.5830209255218506
20260430_044004_m_sweep_2k_grid_c_bgs_N2000_M50_rank5-a24_S1_steps60000_dfa230,M50,M=50,50,1.25,0.27752482891082764,0.2777639329433441,0.36460962891578674,0.43171584606170654,0.5682841539382935
20260430_044004_m_sweep_2k_grid_c_bgs_N2000_M50_rank5-a24_S1_steps60000_dfa230,M50,M=50,50,1.3,0.3226400911808014,0.3244645893573761,0.38750144839286804,0.45792311429977417,0.5420768857002258
20260430_044004_m_sweep_2k_grid_c_bgs_N2000_M50_rank5-a24_S1_steps60000_dfa230,M50,M=50,50,1.4,0.4041477143764496,0.40562546253204346,0.4375690519809723,0.5104602575302124,0.4895397424697876
20260430_044004_m_sweep_2k_grid_c_bgs_N2000_M50_rank5-a24_S1_steps60000_dfa230,M50,M=50,50,1.5,0.49498119950294495,0.4980437457561493,0.5032587051391602,0.5794706344604492,0.42052939534187317
20260430_044004_m_sweep_2k_grid_c_bgs_N2000_M50_rank5-a24_S1_steps60000_dfa230,M50,M=50,50,1.6,0.597437858581543,0.6003407835960388,0.5982270836830139,0.6608090400695801,0.3391909897327423
20260430_044004_m_sweep_2k_grid_c_bgs_N2000_M50_rank5-a24_S1_steps60000_dfa230,M50,M=50,50,1.7,0.7011165618896484,0.7044523358345032,0.7017204165458679,0.7424338459968567,0.2575661540031433
20260430_044004_m_sweep_2k_grid_c_bgs_N2000_M50_rank5-a24_S1_steps60000_dfa230,M50,M=50,50,1.8,0.8004292845726013,0.8039706945419312,0.8016543388366699,0.8224501609802246,0.17754985392093658
20260430_044004_m_sweep_2k_grid_c_bgs_N2000_M50_rank5-a24_S1_steps60000_dfa230,M50,M=50,50,1.9,0.8997326493263245,0.9041987061500549,0.901242196559906,0.9082632064819336,0.09173677116632462
20260430_044004_m_sweep_2k_grid_c_bgs_N2000_M50_rank5-a24_S1_steps60000_dfa230,M50,M=50,50,2.0,0.9898356795310974,0.995043158531189,0.9922963976860046,0.9940721988677979,0.005927827209234238
20260430_044004_m_sweep_2k_grid_c_bgs_N2000_M50_rank5-a24_S1_steps60000_dfa230,M50,M=50,50,2.1,0.9974486231803894,1.002754807472229,0.9998776316642761,0.9999994039535522,5.679497121491295e-07
20260430_044004_m_sweep_2k_grid_c_bgs_N2000_M50_rank5-a24_S1_steps60000_dfa230,M50,M=50,50,2.3,0.9975658059120178,1.0027425289154053,0.9999305009841919,0.9999972581863403,2.7182325084140757e-06
20260430_044004_m_sweep_2k_grid_c_bgs_N2000_M50_rank5-a24_S1_steps60000_dfa230,M50,M=50,50,2.5,0.9975932836532593,1.0028011798858643,0.9999748468399048,1.0,8.929516681632776e-09
20260430_044004_m_sweep_2k_grid_c_bgs_N2000_M50_rank5-a24_S1_steps60000_dfa230,M80,M=80,80,0.0,5.605193857299268e-45,5.605193857299268e-45,0.0,0.0,1.0
20260430_044004_m_sweep_2k_grid_c_bgs_N2000_M50_rank5-a24_S1_steps60000_dfa230,M80,M=80,80,0.3,0.007712865248322487,0.00799402967095375,0.05129566416144371,0.09462130069732666,0.9053786993026733
20260430_044004_m_sweep_2k_grid_c_bgs_N2000_M50_rank5-a24_S1_steps60000_dfa230,M80,M=80,80,0.6,0.026344629004597664,0.025756020098924637,0.18428587913513184,0.2850872278213501,0.7149127721786499
20260430_044004_m_sweep_2k_grid_c_bgs_N2000_M50_rank5-a24_S1_steps60000_dfa230,M80,M=80,80,0.75,0.0467863455414772,0.04692903161048889,0.22652772068977356,0.3256065249443054,0.6743934750556946
20260430_044004_m_sweep_2k_grid_c_bgs_N2000_M50_rank5-a24_S1_steps60000_dfa230,M80,M=80,80,0.85,0.061224404722452164,0.0621364563703537,0.25105181336402893,0.3434813618659973,0.6565186381340027
20260430_044004_m_sweep_2k_grid_c_bgs_N2000_M50_rank5-a24_S1_steps60000_dfa230,M80,M=80,80,0.9,0.0712832361459732,0.0721869096159935,0.2626016139984131,0.3510780334472656,0.6489219665527344
20260430_044004_m_sweep_2k_grid_c_bgs_N2000_M50_rank5-a24_S1_steps60000_dfa230,M80,M=80,80,0.95,0.09449966996908188,0.09528038650751114,0.2753320634365082,0.35999780893325806,0.6400021910667419
20260430_044004_m_sweep_2k_grid_c_bgs_N2000_M50_rank5-a24_S1_steps60000_dfa230,M80,M=80,80,1.0,0.11357123404741287,0.1151445135474205,0.2870842218399048,0.3673769235610962,0.6326230764389038
20260430_044004_m_sweep_2k_grid_c_bgs_N2000_M50_rank5-a24_S1_steps60000_dfa230,M80,M=80,80,1.05,0.15082065761089325,0.15232934057712555,0.30177241563796997,0.379727303981781,0.620272696018219
20260430_044004_m_sweep_2k_grid_c_bgs_N2000_M50_rank5-a24_S1_steps60000_dfa230,M80,M=80,80,1.1,0.1789172738790512,0.18059508502483368,0.31660881638526917,0.3912609815597534,0.6087390184402466
20260430_044004_m_sweep_2k_grid_c_bgs_N2000_M50_rank5-a24_S1_steps60000_dfa230,M80,M=80,80,1.15,0.19681157171726227,0.19787980616092682,0.3293086290359497,0.39905858039855957,0.6009414196014404
20260430_044004_m_sweep_2k_grid_c_bgs_N2000_M50_rank5-a24_S1_steps60000_dfa230,M80,M=80,80,1.2,0.23949401080608368,0.24149081110954285,0.34712186455726624,0.4165554642677307,0.5834445357322693
20260430_044004_m_sweep_2k_grid_c_bgs_N2000_M50_rank5-a24_S1_steps60000_dfa230,M80,M=80,80,1.25,0.27919238805770874,0.280669242143631,0.36779525876045227,0.4367050528526306,0.5632949471473694
20260430_044004_m_sweep_2k_grid_c_bgs_N2000_M50_rank5-a24_S1_steps60000_dfa230,M80,M=80,80,1.3,0.3265988528728485,0.32727697491645813,0.3903559744358063,0.46096551418304443,0.5390344858169556
20260430_044004_m_sweep_2k_grid_c_bgs_N2000_M50_rank5-a24_S1_steps60000_dfa230,M80,M=80,80,1.4,0.4198891520500183,0.4202270805835724,0.4434666633605957,0.5226977467536926,0.4773022532463074
20260430_044004_m_sweep_2k_grid_c_bgs_N2000_M50_rank5-a24_S1_steps60000_dfa230,M80,M=80,80,1.5,0.5025165677070618,0.5027958154678345,0.5065842866897583,0.5856634974479675,0.41433650255203247
20260430_044004_m_sweep_2k_grid_c_bgs_N2000_M50_rank5-a24_S1_steps60000_dfa230,M80,M=80,80,1.6,0.598965048789978,0.5997227430343628,0.6001341938972473,0.6606025695800781,0.3393974006175995
20260430_044004_m_sweep_2k_grid_c_bgs_N2000_M50_rank5-a24_S1_steps60000_dfa230,M80,M=80,80,1.7,0.7023155689239502,0.7044604420661926,0.7024348378181458,0.7427068948745728,0.25729310512542725
20260430_044004_m_sweep_2k_grid_c_bgs_N2000_M50_rank5-a24_S1_steps60000_dfa230,M80,M=80,80,1.8,0.7996788620948792,0.8019987344741821,0.8002152442932129,0.819028377532959,0.18097159266471863
20260430_044004_m_sweep_2k_grid_c_bgs_N2000_M50_rank5-a24_S1_steps60000_dfa230,M80,M=80,80,1.9,0.9005770087242126,0.9023188352584839,0.9002991318702698,0.9070338606834412,0.09296615421772003
20260430_044004_m_sweep_2k_grid_c_bgs_N2000_M50_rank5-a24_S1_steps60000_dfa230,M80,M=80,80,2.0,0.992233157157898,0.9937781095504761,0.9921121597290039,0.9940577149391174,0.005942291580140591
20260430_044004_m_sweep_2k_grid_c_bgs_N2000_M50_rank5-a24_S1_steps60000_dfa230,M80,M=80,80,2.1,0.9999210834503174,1.0015125274658203,0.9998812079429626,0.999999463558197,5.412176165009441e-07
20260430_044004_m_sweep_2k_grid_c_bgs_N2000_M50_rank5-a24_S1_steps60000_dfa230,M80,M=80,80,2.3,0.9999865889549255,1.0015347003936768,0.9999232888221741,0.9999971985816956,2.8027327516610967e-06
20260430_044004_m_sweep_2k_grid_c_bgs_N2000_M50_rank5-a24_S1_steps60000_dfa230,M80,M=80,80,2.5,1.0000319480895996,1.001583456993103,0.9999738335609436,1.0,8.57891535588351e-09
20260430_044004_m_sweep_2k_grid_c_bgs_N2000_M50_rank5-a24_S1_steps60000_dfa230,M120,M=120,120,0.0,5.605193857299268e-45,5.605193857299268e-45,0.0,0.0,1.0
20260430_044004_m_sweep_2k_grid_c_bgs_N2000_M50_rank5-a24_S1_steps60000_dfa230,M120,M=120,120,0.3,0.006076037883758545,0.006124787963926792,0.04934720695018768,0.09183889627456665,0.9081611037254333
20260430_044004_m_sweep_2k_grid_c_bgs_N2000_M50_rank5-a24_S1_steps60000_dfa230,M120,M=120,120,0.6,0.016759255900979042,0.01663803681731224,0.1853419691324234,0.2869340181350708,0.7130659818649292
20260430_044004_m_sweep_2k_grid_c_bgs_N2000_M50_rank5-a24_S1_steps60000_dfa230,M120,M=120,120,0.75,0.034592851996421814,0.03496837615966797,0.22650060057640076,0.3252650499343872,0.6747349500656128
20260430_044004_m_sweep_2k_grid_c_bgs_N2000_M50_rank5-a24_S1_steps60000_dfa230,M120,M=120,120,0.85,0.05373266711831093,0.05366160720586777,0.25109243392944336,0.3432897925376892,0.6567102074623108
20260430_044004_m_sweep_2k_grid_c_bgs_N2000_M50_rank5-a24_S1_steps60000_dfa230,M120,M=120,120,0.9,0.0667552724480629,0.06727759540081024,0.263129860162735,0.35164886713027954,0.6483511328697205
20260430_044004_m_sweep_2k_grid_c_bgs_N2000_M50_rank5-a24_S1_steps60000_dfa230,M120,M=120,120,0.95,0.07938252389431,0.08009428530931473,0.2743109464645386,0.35774868726730347,0.6422513127326965
20260430_044004_m_sweep_2k_grid_c_bgs_N2000_M50_rank5-a24_S1_steps60000_dfa230,M120,M=120,120,1.0,0.10622977465391159,0.10573660582304001,0.2868504524230957,0.3663610816001892,0.6336389183998108
20260430_044004_m_sweep_2k_grid_c_bgs_N2000_M50_rank5-a24_S1_steps60000_dfa230,M120,M=120,120,1.05,0.1326722949743271,0.1316065639257431,0.29987406730651855,0.37561678886413574,0.6243832111358643
20260430_044004_m_sweep_2k_grid_c_bgs_N2000_M50_rank5-a24_S1_steps60000_dfa230,M120,M=120,120,1.1,0.16681350767612457,0.1675199419260025,0.3155114948749542,0.3887507915496826,0.6112492084503174
20260430_044004_m_sweep_2k_grid_c_bgs_N2000_M50_rank5-a24_S1_steps60000_dfa230,M120,M=120,120,1.15,0.1991528868675232,0.19896185398101807,0.32990187406539917,0.3997154235839844,0.6002845764160156
20260430_044004_m_sweep_2k_grid_c_bgs_N2000_M50_rank5-a24_S1_steps60000_dfa230,M120,M=120,120,1.2,0.23348291218280792,0.23292607069015503,0.3468116521835327,0.4141577482223511,0.5858422517776489
20260430_044004_m_sweep_2k_grid_c_bgs_N2000_M50_rank5-a24_S1_steps60000_dfa230,M120,M=120,120,1.25,0.28820931911468506,0.2871626913547516,0.3691776692867279,0.44005370140075684,0.5599462985992432
20260430_044004_m_sweep_2k_grid_c_bgs_N2000_M50_rank5-a24_S1_steps60000_dfa230,M120,M=120,120,1.3,0.32426536083221436,0.32401832938194275,0.38972100615501404,0.45932507514953613,0.5406749248504639
20260430_044004_m_sweep_2k_grid_c_bgs_N2000_M50_rank5-a24_S1_steps60000_dfa230,M120,M=120,120,1.4,0.4178897738456726,0.41746145486831665,0.44322827458381653,0.5211759805679321,0.47882404923439026
20260430_044004_m_sweep_2k_grid_c_bgs_N2000_M50_rank5-a24_S1_steps60000_dfa230,M120,M=120,120,1.5,0.5016283392906189,0.5011330842971802,0.5054718852043152,0.5859595537185669,0.4140404462814331
20260430_044004_m_sweep_2k_grid_c_bgs_N2000_M50_rank5-a24_S1_steps60000_dfa230,M120,M=120,120,1.6,0.6005069017410278,0.6004929542541504,0.6006255149841309,0.6628119945526123,0.3371879756450653
20260430_044004_m_sweep_2k_grid_c_bgs_N2000_M50_rank5-a24_S1_steps60000_dfa230,M120,M=120,120,1.7,0.701969563961029,0.7012226581573486,0.7018264532089233,0.7415220737457275,0.25847792625427246
20260430_044004_m_sweep_2k_grid_c_bgs_N2000_M50_rank5-a24_S1_steps60000_dfa230,M120,M=120,120,1.8,0.8008650541305542,0.7999240159988403,0.8008691668510437,0.8192065358161926,0.18079347908496857
20260430_044004_m_sweep_2k_grid_c_bgs_N2000_M50_rank5-a24_S1_steps60000_dfa230,M120,M=120,120,1.9,0.900981068611145,0.9003456234931946,0.9007695913314819,0.9069403409957886,0.09305966645479202
20260430_044004_m_sweep_2k_grid_c_bgs_N2000_M50_rank5-a24_S1_steps60000_dfa230,M120,M=120,120,2.0,0.9925788044929504,0.9917219877243042,0.9920812845230103,0.9941279888153076,0.005871984176337719
20260430_044004_m_sweep_2k_grid_c_bgs_N2000_M50_rank5-a24_S1_steps60000_dfa230,M120,M=120,120,2.1,1.0001871585845947,0.9992858171463013,0.9998879432678223,0.9999995231628418,4.915032150165644e-07
20260430_044004_m_sweep_2k_grid_c_bgs_N2000_M50_rank5-a24_S1_steps60000_dfa230,M120,M=120,120,2.3,1.000256896018982,0.9993003606796265,0.9999401569366455,0.9999958276748657,4.159083346166881e-06
20260430_044004_m_sweep_2k_grid_c_bgs_N2000_M50_rank5-a24_S1_steps60000_dfa230,M120,M=120,120,2.5,1.0003175735473633,0.9993277192115784,0.9999772906303406,1.0,1.55085064790228e-08
20260430_044004_m_sweep_2k_grid_c_bgs_N2000_M50_rank5-a24_S1_steps60000_dfa230,M150,M=150,150,0.0,5.605193857299268e-45,5.605193857299268e-45,0.0,0.0,1.0
20260430_044004_m_sweep_2k_grid_c_bgs_N2000_M50_rank5-a24_S1_steps60000_dfa230,M150,M=150,150,0.3,0.007131276652216911,0.0070045702159404755,0.04721975326538086,0.088287353515625,0.911712646484375
20260430_044004_m_sweep_2k_grid_c_bgs_N2000_M50_rank5-a24_S1_steps60000_dfa230,M150,M=150,150,0.6,0.02699047513306141,0.026323895901441574,0.1836496889591217,0.2848018407821655,0.7151981592178345
20260430_044004_m_sweep_2k_grid_c_bgs_N2000_M50_rank5-a24_S1_steps60000_dfa230,M150,M=150,150,0.75,0.04718898609280586,0.04603119567036629,0.22562704980373383,0.32454562187194824,0.6754543781280518
20260430_044004_m_sweep_2k_grid_c_bgs_N2000_M50_rank5-a24_S1_steps60000_dfa230,M150,M=150,150,0.85,0.06239790469408035,0.062214069068431854,0.2505786418914795,0.34384721517562866,0.6561527848243713
20260430_044004_m_sweep_2k_grid_c_bgs_N2000_M50_rank5-a24_S1_steps60000_dfa230,M150,M=150,150,0.9,0.07873646914958954,0.07884097844362259,0.2618337869644165,0.35102325677871704,0.648976743221283
20260430_044004_m_sweep_2k_grid_c_bgs_N2000_M50_rank5-a24_S1_steps60000_dfa230,M150,M=150,150,0.95,0.08935487270355225,0.0901990458369255,0.2733283042907715,0.35735607147216797,0.642643928527832
20260430_044004_m_sweep_2k_grid_c_bgs_N2000_M50_rank5-a24_S1_steps60000_dfa230,M150,M=150,150,1.0,0.11086469888687134,0.11065913736820221,0.28680670261383057,0.367432177066803,0.632567822933197
20260430_044004_m_sweep_2k_grid_c_bgs_N2000_M50_rank5-a24_S1_steps60000_dfa230,M150,M=150,150,1.05,0.13202667236328125,0.13136497139930725,0.2973623275756836,0.3726206421852112,0.6273793578147888
20260430_044004_m_sweep_2k_grid_c_bgs_N2000_M50_rank5-a24_S1_steps60000_dfa230,M150,M=150,150,1.1,0.16270849108695984,0.16149017214775085,0.3119143545627594,0.38403165340423584,0.6159683465957642
20260430_044004_m_sweep_2k_grid_c_bgs_N2000_M50_rank5-a24_S1_steps60000_dfa230,M150,M=150,150,1.15,0.20576216280460358,0.20465557277202606,0.3287290036678314,0.3995852470397949,0.6004147529602051
20260430_044004_m_sweep_2k_grid_c_bgs_N2000_M50_rank5-a24_S1_steps60000_dfa230,M150,M=150,150,1.2,0.24532653391361237,0.24372155964374542,0.34663718938827515,0.41636890172958374,0.5836310982704163
20260430_044004_m_sweep_2k_grid_c_bgs_N2000_M50_rank5-a24_S1_steps60000_dfa230,M150,M=150,150,1.25,0.2921033203601837,0.2908170819282532,0.3677409291267395,0.4386955499649048,0.5613044500350952
20260430_044004_m_sweep_2k_grid_c_bgs_N2000_M50_rank5-a24_S1_steps60000_dfa230,M150,M=150,150,1.3,0.32937297224998474,0.32790592312812805,0.38887161016464233,0.45980894565582275,0.5401910543441772
20260430_044004_m_sweep_2k_grid_c_bgs_N2000_M50_rank5-a24_S1_steps60000_dfa230,M150,M=150,150,1.4,0.4205171763896942,0.41848093271255493,0.4418103098869324,0.520842432975769,0.47915759682655334
20260430_044004_m_sweep_2k_grid_c_bgs_N2000_M50_rank5-a24_S1_steps60000_dfa230,M150,M=150,150,1.5,0.5023665428161621,0.5013045072555542,0.5041220784187317,0.5844713449478149,0.41552862524986267
20260430_044004_m_sweep_2k_grid_c_bgs_N2000_M50_rank5-a24_S1_steps60000_dfa230,M150,M=150,150,1.6,0.5987297892570496,0.5969896912574768,0.5988214612007141,0.6588377952575684,0.34116223454475403
20260430_044004_m_sweep_2k_grid_c_bgs_N2000_M50_rank5-a24_S1_steps60000_dfa230,M150,M=150,150,1.7,0.7013083100318909,0.6994890570640564,0.699619472026825,0.7374285459518433,0.26257145404815674
20260430_044004_m_sweep_2k_grid_c_bgs_N2000_M50_rank5-a24_S1_steps60000_dfa230,M150,M=150,150,1.8,0.8008182048797607,0.7991307973861694,0.7995198369026184,0.8183041214942932,0.1816958785057068
20260430_044004_m_sweep_2k_grid_c_bgs_N2000_M50_rank5-a24_S1_steps60000_dfa230,M150,M=150,150,1.9,0.9015366435050964,0.8998972773551941,0.9001824855804443,0.9061101675033569,0.09388981759548187
20260430_044004_m_sweep_2k_grid_c_bgs_N2000_M50_rank5-a24_S1_steps60000_dfa230,M150,M=150,150,2.0,0.9932437539100647,0.9914210438728333,0.9922728538513184,0.9940792322158813,0.005920782219618559
20260430_044004_m_sweep_2k_grid_c_bgs_N2000_M50_rank5-a24_S1_steps60000_dfa230,M150,M=150,150,2.1,1.0010197162628174,0.9991599917411804,1.0000277757644653,0.9999505877494812,4.9386024329578504e-05
20260430_044004_m_sweep_2k_grid_c_bgs_N2000_M50_rank5-a24_S1_steps60000_dfa230,M150,M=150,150,2.3,1.0009249448776245,0.9990698099136353,0.9999417066574097,0.999995768070221,4.2220040086249355e-06
20260430_044004_m_sweep_2k_grid_c_bgs_N2000_M50_rank5-a24_S1_steps60000_dfa230,M150,M=150,150,2.5,1.0009514093399048,0.9990914463996887,0.9999477863311768,0.9999989867210388,1.0098008260683855e-06
20260430_115526_bgs_N2000_M300_rank1-a24_S1_steps60000_c719d1,M300,M=300,300,0.0,5.605193857299268e-45,5.605193857299268e-45,0.0,0.0,1.0
20260430_115526_bgs_N2000_M300_rank1-a24_S1_steps60000_c719d1,M300,M=300,300,0.3,0.006653342396020889,0.006372430361807346,0.043379273265600204,0.08193624019622803,0.918063759803772
20260430_115526_bgs_N2000_M300_rank1-a24_S1_steps60000_c719d1,M300,M=300,300,0.6,0.027136623859405518,0.027252787724137306,0.1821397989988327,0.28307151794433594,0.7169284820556641
20260430_115526_bgs_N2000_M300_rank1-a24_S1_steps60000_c719d1,M300,M=300,300,0.75,0.04556749388575554,0.04583912342786789,0.22435428202152252,0.32264935970306396,0.677350640296936
20260430_115526_bgs_N2000_M300_rank1-a24_S1_steps60000_c719d1,M300,M=300,300,0.85,0.06593453139066696,0.06611498445272446,0.24983106553554535,0.3425644040107727,0.6574355959892273
20260430_115526_bgs_N2000_M300_rank1-a24_S1_steps60000_c719d1,M300,M=300,300,0.9,0.08291487395763397,0.08287778496742249,0.2612265348434448,0.3500707745552063,0.6499292254447937
20260430_115526_bgs_N2000_M300_rank1-a24_S1_steps60000_c719d1,M300,M=300,300,0.95,0.09000501781702042,0.09039964526891708,0.2733360528945923,0.35783594846725464,0.6421640515327454
20260430_115526_bgs_N2000_M300_rank1-a24_S1_steps60000_c719d1,M300,M=300,300,1.0,0.11416682600975037,0.11355406045913696,0.284963995218277,0.3652048110961914,0.6347951889038086
20260430_115526_bgs_N2000_M300_rank1-a24_S1_steps60000_c719d1,M300,M=300,300,1.05,0.13741354644298553,0.13738171756267548,0.29775160551071167,0.3735605478286743,0.6264394521713257
20260430_115526_bgs_N2000_M300_rank1-a24_S1_steps60000_c719d1,M300,M=300,300,1.1,0.1671343892812729,0.16687721014022827,0.31211134791374207,0.38459455966949463,0.6154054403305054
20260430_115526_bgs_N2000_M300_rank1-a24_S1_steps60000_c719d1,M300,M=300,300,1.15,0.2000921368598938,0.19948509335517883,0.328451931476593,0.39877551794052124,0.6012244820594788
20260430_115526_bgs_N2000_M300_rank1-a24_S1_steps60000_c719d1,M300,M=300,300,1.2,0.23854903876781464,0.2379889041185379,0.3453775942325592,0.4141150116920471,0.5858849883079529
20260430_115526_bgs_N2000_M300_rank1-a24_S1_steps60000_c719d1,M300,M=300,300,1.25,0.2888876497745514,0.28832414746284485,0.36750489473342896,0.438709557056427,0.561290442943573
20260430_115526_bgs_N2000_M300_rank1-a24_S1_steps60000_c719d1,M300,M=300,300,1.3,0.33297738432884216,0.3322315216064453,0.3904224932193756,0.4631255865097046,0.5368744134902954
20260430_115526_bgs_N2000_M300_rank1-a24_S1_steps60000_c719d1,M300,M=300,300,1.4,0.4161316454410553,0.41539332270622253,0.4408753514289856,0.5186505317687988,0.4813494384288788
20260430_115526_bgs_N2000_M300_rank1-a24_S1_steps60000_c719d1,M300,M=300,300,1.5,0.4975460469722748,0.49686968326568604,0.5003561973571777,0.5814480781555176,0.4185519218444824
20260430_115526_bgs_N2000_M300_rank1-a24_S1_steps60000_c719d1,M300,M=300,300,1.6,0.5959318280220032,0.5951140522956848,0.5968936085700989,0.6580883264541626,0.3419116735458374
20260430_115526_bgs_N2000_M300_rank1-a24_S1_steps60000_c719d1,M300,M=300,300,1.7,0.6965119242668152,0.6950966715812683,0.6976330280303955,0.734897255897522,0.26510271430015564
20260430_115526_bgs_N2000_M300_rank1-a24_S1_steps60000_c719d1,M300,M=300,300,1.8,0.7977287769317627,0.7963756322860718,0.7982204556465149,0.816665768623352,0.18333423137664795
20260430_115526_bgs_N2000_M300_rank1-a24_S1_steps60000_c719d1,M300,M=300,300,1.9,0.8993431329727173,0.8974379301071167,0.899998128414154,0.9058343768119812,0.0941656231880188
20260430_115526_bgs_N2000_M300_rank1-a24_S1_steps60000_c719d1,M300,M=300,300,2.0,0.991332471370697,0.9890949130058289,0.9921966791152954,0.9939699172973633,0.006030093878507614
20260430_115526_bgs_N2000_M300_rank1-a24_S1_steps60000_c719d1,M300,M=300,300,2.1,0.9990643858909607,0.9968116879463196,1.000030755996704,0.9999486804008484,5.1298698963364586e-05
20260430_115526_bgs_N2000_M300_rank1-a24_S1_steps60000_c719d1,M300,M=300,300,2.3,0.9989710450172424,0.9967113733291626,0.9999425411224365,0.9999957084655762,4.309154519432923e-06
20260430_115526_bgs_N2000_M300_rank1-a24_S1_steps60000_c719d1,M300,M=300,300,2.5,0.9989968538284302,0.9967345595359802,0.9999467134475708,0.9999989867210388,1.0230420457446598e-06
20260430_115229_bgs_N2000_M50_comp1-a24_S10_steps60000_6b7b25,M50_no_onsager_S10,"M=50, no Onsager, S=10",50,0.0,0.49907436966896057,0.5033095479011536,0.0,0.0,1.0
20260430_115229_bgs_N2000_M50_comp1-a24_S10_steps60000_6b7b25,M50_no_onsager_S10,"M=50, no Onsager, S=10",50,0.3,0.5311138033866882,0.5334132313728333,0.6424556970596313,0.277608722448349,0.7223913073539734
20260430_115229_bgs_N2000_M50_comp1-a24_S10_steps60000_6b7b25,M50_no_onsager_S10,"M=50, no Onsager, S=10",50,0.6,0.5703560709953308,0.5735201239585876,0.6635405421257019,0.28671795129776,0.71328204870224
20260430_115229_bgs_N2000_M50_comp1-a24_S10_steps60000_6b7b25,M50_no_onsager_S10,"M=50, no Onsager, S=10",50,0.75,0.592648446559906,0.5976133346557617,0.678087055683136,0.2937149703502655,0.7062851190567017
20260430_115229_bgs_N2000_M50_comp1-a24_S10_steps60000_6b7b25,M50_no_onsager_S10,"M=50, no Onsager, S=10",50,0.85,0.6099756956100464,0.6158174276351929,0.6895151734352112,0.3016066253185272,0.6983933448791504
20260430_115229_bgs_N2000_M50_comp1-a24_S10_steps60000_6b7b25,M50_no_onsager_S10,"M=50, no Onsager, S=10",50,0.9,0.6189391016960144,0.6246679425239563,0.6939374804496765,0.30265459418296814,0.6973454356193542
20260430_115229_bgs_N2000_M50_comp1-a24_S10_steps60000_6b7b25,M50_no_onsager_S10,"M=50, no Onsager, S=10",50,0.95,0.6283276677131653,0.6318726539611816,0.6987147927284241,0.30480533838272095,0.695194661617279
20260430_115229_bgs_N2000_M50_comp1-a24_S10_steps60000_6b7b25,M50_no_onsager_S10,"M=50, no Onsager, S=10",50,1.0,0.6354700326919556,0.6394338011741638,0.7044905424118042,0.30668872594833374,0.693311333656311
20260430_115229_bgs_N2000_M50_comp1-a24_S10_steps60000_6b7b25,M50_no_onsager_S10,"M=50, no Onsager, S=10",50,1.05,0.6468008160591125,0.652133584022522,0.7113991379737854,0.31176167726516724,0.6882383227348328
20260430_115229_bgs_N2000_M50_comp1-a24_S10_steps60000_6b7b25,M50_no_onsager_S10,"M=50, no Onsager, S=10",50,1.1,0.6542142033576965,0.661130428314209,0.7170101404190063,0.31030765175819397,0.6896924376487732
20260430_115229_bgs_N2000_M50_comp1-a24_S10_steps60000_6b7b25,M50_no_onsager_S10,"M=50, no Onsager, S=10",50,1.15,0.6668705344200134,0.6715386509895325,0.7251364588737488,0.31690940260887146,0.6830906271934509
20260430_115229_bgs_N2000_M50_comp1-a24_S10_steps60000_6b7b25,M50_no_onsager_S10,"M=50, no Onsager, S=10",50,1.2,0.6767154932022095,0.6812052130699158,0.7317869067192078,0.32117602229118347,0.6788240075111389
20260430_115229_bgs_N2000_M50_comp1-a24_S10_steps60000_6b7b25,M50_no_onsager_S10,"M=50, no Onsager, S=10",50,1.25,0.6856927275657654,0.6908222436904907,0.7376575469970703,0.32342931628227234,0.67657071352005
20260430_115229_bgs_N2000_M50_comp1-a24_S10_steps60000_6b7b25,M50_no_onsager_S10,"M=50, no Onsager, S=10",50,1.3,0.6964585185050964,0.702650785446167,0.7455523610115051,0.3255392611026764,0.6744608283042908
20260430_115229_bgs_N2000_M50_comp1-a24_S10_steps60000_6b7b25,M50_no_onsager_S10,"M=50, no Onsager, S=10",50,1.4,0.7195961475372314,0.7261730432510376,0.7609433531761169,0.333974689245224,0.6660253405570984
20260430_115229_bgs_N2000_M50_comp1-a24_S10_steps60000_6b7b25,M50_no_onsager_S10,"M=50, no Onsager, S=10",50,1.5,0.7435329556465149,0.748588502407074,0.777863085269928,0.3452748954296112,0.6547250747680664
20260430_115229_bgs_N2000_M50_comp1-a24_S10_steps60000_6b7b25,M50_no_onsager_S10,"M=50, no Onsager, S=10",50,1.6,0.7680002450942993,0.7746079564094543,0.7978858351707458,0.357770711183548,0.6422292590141296
20260430_115229_bgs_N2000_M50_comp1-a24_S10_steps60000_6b7b25,M50_no_onsager_S10,"M=50, no Onsager, S=10",50,1.7,0.7965599894523621,0.8014616966247559,0.8193122148513794,0.37864619493484497,0.6213538646697998
20260430_115229_bgs_N2000_M50_comp1-a24_S10_steps60000_6b7b25,M50_no_onsager_S10,"M=50, no Onsager, S=10",50,1.8,0.8264789581298828,0.8344144821166992,0.8448618054389954,0.3870715796947479,0.6129283905029297
20260430_115229_bgs_N2000_M50_comp1-a24_S10_steps60000_6b7b25,M50_no_onsager_S10,"M=50, no Onsager, S=10",50,1.9,0.859399139881134,0.8659833073616028,0.8732047080993652,0.43471118807792664,0.5652889013290405
20260430_115229_bgs_N2000_M50_comp1-a24_S10_steps60000_6b7b25,M50_no_onsager_S10,"M=50, no Onsager, S=10",50,2.0,0.9001280069351196,0.9050086140632629,0.9070358276367188,0.5491825938224792,0.45081743597984314
20260430_115229_bgs_N2000_M50_comp1-a24_S10_steps60000_6b7b25,M50_no_onsager_S10,"M=50, no Onsager, S=10",50,2.1,0.9524000287055969,0.9581713080406189,0.9551979899406433,0.7970059514045715,0.20299406349658966
20260430_115229_bgs_N2000_M50_comp1-a24_S10_steps60000_6b7b25,M50_no_onsager_S10,"M=50, no Onsager, S=10",50,2.3,0.9969229102134705,1.0004656314849854,0.998410165309906,0.9987854361534119,0.0012146555818617344
20260430_115229_bgs_N2000_M50_comp1-a24_S10_steps60000_6b7b25,M50_no_onsager_S10,"M=50, no Onsager, S=10",50,2.5,0.9968935251235962,1.0034782886505127,0.9998728632926941,0.9999886751174927,1.1356501090631355e-05
